sira,portfoy_sirketi,fon_unvani
1,A1 CAPİTAL,A1 CAPİTAL PORTFÖY BANKACILIK SEKTÖRÜ DIŞI ŞİRKETLER HİSSE SENEDİ SERBEST (TL) FON (HİSSE SENEDİ YOĞUN FON)
2,A1 CAPİTAL,A1 CAPİTAL PORTFÖY BIST 100 DIŞI ŞİRKETLER HİSSE SENEDİ SERBEST (TL) FON (HİSSE SENEDİ YOĞUN FON)
3,A1 CAPİTAL,A1 CAPİTAL PORTFÖY BIST 30 DIŞI ŞİRKETLER HİSSE SENEDİ SERBEST FON (HİSSE SENEDİ YOĞUN FON)
4,A1 CAPİTAL,A1 CAPİTAL PORTFÖY HİSSE SENEDİ SERBEST FON (HİSSE SENEDİ YOĞUN FON)
5,A1 CAPİTAL,A1 CAPİTAL PORTFÖY İKİNCİ HİSSE SENEDİ SERBEST (TL) FON (HİSSE SENEDİ YOĞUN FON)
6,A1 CAPİTAL,A1 CAPİTAL PORTFÖY İSTATİSTİKSEL ARBİTRAJ HİSSE SENEDİ SERBEST FON (HİSSE SENEDİ YOĞUN FON)
7,A1 CAPİTAL,A1 CAPİTAL PORTFÖY PARA PİYASASI (TL) FONU
8,A1 CAPİTAL,A1 CAPİTAL PORTFÖY PARA PİYASASI (TL) SERBEST FON
9,A1 CAPİTAL,A1 CAPİTAL PORTFÖY SANAYİ SEKTÖRÜ HİSSE SENEDİ SERBEST (TL) FON (HİSSE SENEDİ YOĞUN FON)
10,ATLAS,ATLAS PORTFÖY ALGO TOROS HİSSE SENEDİ SERBEST (TL) FON (HİSSE SENEDİ YOĞUN FON)
11,ATLAS,ATLAS PORTFÖY BANKACILIK SEKTÖRÜ HİSSE SENEDİ SERBEST FON (HİSSE SENEDİ YOĞUN FON)
12,ATLAS,ATLAS PORTFÖY BEŞİNCİ HİSSE SENEDİ SERBEST FON (HİSSE SENEDİ YOĞUN FON)
13,ATLAS,ATLAS PORTFÖY BİRİNCİ HİSSE SENEDİ SERBEST FON (HİSSE SENEDİ YOĞUN FON)
14,ATLAS,ATLAS PORTFÖY DÖRDÜNCÜ HİSSE SENEDİ SERBEST FON (HİSSE SENEDİ YOĞUN FON)
15,ATLAS,ATLAS PORTFÖY DÖRDÜNCÜ SERBEST (TL) FON
16,ATLAS,ATLAS PORTFÖY İKİNCİ HİSSE SENEDİ SERBEST FON (HİSSE SENEDİ YOĞUN FON)
17,ATLAS,ATLAS PORTFÖY İKİNCİ KATILIM HİSSE SENEDİ SERBEST FON (HİSSE SENEDİ YOĞUN FON)
18,ATLAS,ATLAS PORTFÖY İSTATİSTİKSEL ARBİTRAJ HİSSE SENEDİ SERBEST FON (HİSSE SENEDİ YOĞUN FON)
19,ATLAS,ATLAS PORTFÖY KATILIM HİSSE SENEDİ SERBEST FON (HİSSE SENEDİ YOĞUN FON)
20,ATLAS,ATLAS PORTFÖY PARA PİYASASI (TL) FONU
21,ATLAS,ATLAS PORTFÖY PARA PİYASASI SERBEST FON
22,ATLAS,ATLAS PORTFÖY SANAYİ SEKTÖRÜ HİSSE SENEDİ SERBEST FON (HİSSE SENEDİ YOĞUN FON)
23,ATLAS,ATLAS PORTFÖY SERBEST FON
24,ATLAS,ATLAS PORTFÖY UFUK HİSSE SENEDİ SERBEST FON (HİSSE SENEDİ YOĞUN FON)
25,ATLAS,ATLAS PORTFÖY ÜÇÜNCÜ HİSSE SENEDİ SERBEST FON (HİSSE SENEDİ YOĞUN FON)
26,BULLS,BULLS PORTFÖY ALGORİTMİK HİSSE SENEDİ SERBEST (TL) FON (HİSSE SENEDİ YOĞUN FON)
27,BULLS,BULLS PORTFÖY ALTINCI HİSSE SENEDİ SERBEST FON (HİSSE SENEDİ YOĞUN FON)
28,BULLS,BULLS PORTFÖY BANKACILIK SEKTÖRÜ DIŞI ŞİRKETLER HİSSE SENEDİ SERBEST FON (HİSSE SENEDİ YOĞUN FON)
29,BULLS,BULLS PORTFÖY BEŞİNCİ HİSSE SENEDİ SERBEST FON (HİSSE SENEDİ YOĞUN FON)
30,BULLS,BULLS PORTFÖY BIST 30 DIŞI ŞİRKETLER HİSSE SENEDİ SERBEST FON (HİSSE SENEDİ YOĞUN FON)
31,BULLS,BULLS PORTFÖY BIST 50 DIŞI ŞİRKETLER HİSSE SENEDİ SERBEST FON (HİSSE SENEDİ YOĞUN FON)
32,BULLS,BULLS PORTFÖY BİRİNCİ HİSSE SENEDİ SERBEST (TL) FON (HİSSE SENEDİ YOĞUN FON)
33,BULLS,BULLS PORTFÖY DÖRDÜNCÜ HİSSE SENEDİ SERBEST FON (HİSSE SENEDİ YOĞUN FON)
34,BULLS,BULLS PORTFÖY GMS HİSSE SENEDİ SERBEST ÖZEL FON (HİSSE SENEDİ YOĞUN FON)
35,BULLS,BULLS PORTFÖY İKİNCİ HİSSE SENEDİ SERBEST (TL) FON (HİSSE SENEDİ YOĞUN FON)
36,BULLS,BULLS PORTFÖY MUTLAK GETİRİ HEDEFLİ HİSSE SENEDİ SERBEST FON (HİSSE SENEDİ YOĞUN FON)
37,BULLS,BULLS PORTFÖY PARA PİYASASI (TL) FONU
38,BULLS,BULLS PORTFÖY SANAYİ ŞİRKETLERİ HİSSE SENEDİ SERBEST FON (HİSSE SENEDİ YOĞUN FON)
39,BULLS,BULLS PORTFÖY ÜÇÜNCÜ HİSSE SENEDİ SERBEST (TL) FON (HİSSE SENEDİ YOĞUN FON)
40,BULLS,BULLS PORTFÖY YILDIZ PAZAR ŞİRKETLERİ HİSSE SENEDİ SERBEST FON (HİSSE SENEDİ YOĞUN FON)
41,HEDEF,HEDEF PORTFÖY ADA HİSSE SENEDİ SERBEST (TL) FON (HİSSE SENEDİ YOĞUN FON)
42,HEDEF,HEDEF PORTFÖY ALGO EVEREST İSTATİSTİKSEL ARBİTRAJ HİSSE SENEDİ SERBEST FON (HİSSE SENEDİ YOĞUN FON)
43,HEDEF,HEDEF PORTFÖY ATLAS İSTATİSTİKSEL ARBİTRAJ HİSSE SENEDİ SERBEST FON (HİSSE SENEDİ YOĞUN FON)
44,HEDEF,HEDEF PORTFÖY BAŞAK HİSSE SENEDİ SERBEST (TL) FON (HİSSE SENEDİ YOĞUN FON)
45,HEDEF,HEDEF PORTFÖY BİRİNCİ İSTATİSTİKSEL ARBİTRAJ HİSSE SENEDİ SERBEST FON (HİSSE SENEDİ YOĞUN FON)
46,HEDEF,HEDEF PORTFÖY ÇINAR HİSSE SENEDİ SERBEST (TL) FON (HİSSE SENEDİ YOĞUN FON)
47,HEDEF,HEDEF PORTFÖY DOĞU HİSSE SENEDİ SERBEST (TL) FON (HİSSE SENEDİ YOĞUN FON)
48,HEDEF,HEDEF PORTFÖY DORUK HİSSE SENEDİ SERBEST (TL) FON (HİSSE SENEDİ YOĞUN FON)
49,HEDEF,HEDEF PORTFÖY DÖRDÜNCÜ İSTATİSTİKSEL ARBİTRAJ HİSSE SENEDİ SERBEST (TL) FON (HİSSE SENEDİ YOĞUN FON)
50,HEDEF,HEDEF PORTFÖY ECE HİSSE SENEDİ SERBEST (TL) FON (HİSSE SENEDİ YOĞUN FON)
51,HEDEF,HEDEF PORTFÖY EGE HİSSE SENEDİ SERBEST (TL) FON (HİSSE SENEDİ YOĞUN FON)
52,HEDEF,HEDEF PORTFÖY GÜNEŞ HİSSE SENEDİ SERBEST (TL) FON (HİSSE SENEDİ YOĞUN FON)
53,HEDEF,HEDEF PORTFÖY GÜNEY HİSSE SENEDİ SERBEST FON (HİSSE SENEDİ YOĞUN FON)
54,HEDEF,HEDEF PORTFÖY İDEAL HİSSE SENEDİ SERBEST (TL) FON (HİSSE SENEDİ YOĞUN FON)
55,HEDEF,HEDEF PORTFÖY İKİNCİ KATILIM HİSSE SENEDİ SERBEST FON (HİSSE SENEDİ YOĞUN FON)
56,HEDEF,HEDEF PORTFÖY İKİNCİ PARA PİYASASI (TL) FON
57,HEDEF,HEDEF PORTFÖY İNCİ HİSSE SENEDİ SERBEST ÖZEL FON (HİSSE SENEDİ YOĞUN FON)
58,HEDEF,HEDEF PORTFÖY KATILIM HİSSE SENEDİ SERBEST (TL) FON (HİSSE SENEDİ YOĞUN FON)
59,HEDEF,HEDEF PORTFÖY KISA VADELİ SERBEST FON
60,HEDEF,HEDEF PORTFÖY KUZEY HİSSE SENEDİ SERBEST (TL) FON (HİSSE SENEDİ YOĞUN FON)
61,HEDEF,HEDEF PORTFÖY MAVİ HİSSE SENEDİ SERBEST (TL) FON (HİSSE SENEDİ YOĞUN FON)
62,HEDEF,HEDEF PORTFÖY MODEL HİSSE SENEDİ SERBEST (TL) FON (HİSSE SENEDİ YOĞUN FON)
63,HEDEF,HEDEF PORTFÖY NEHİR HİSSE SENEDİ SERBEST (TL) FON (HİSSE SENEDİ YOĞUN FON)
64,HEDEF,HEDEF PORTFÖY PARA PİYASASI (TL) FONU
65,HEDEF,HEDEF PORTFÖY PARA PİYASASI KATILIM FONU
66,HEDEF,HEDEF PORTFÖY PARA PİYASASI SERBEST FON
67,HEDEF,HEDEF PORTFÖY PUSULA HİSSE SENEDİ SERBEST (TL) FON (HİSSE SENEDİ YOĞUN FON)
68,HEDEF,HEDEF PORTFÖY ROTA HİSSE SENEDİ SERBEST (TL) FON (HİSSE SENEDİ YOĞUN FON)
69,HEDEF,HEDEF PORTFÖY UFUK HİSSE SENEDİ SERBEST FON (HİSSE SENEDİ YOĞUN FON)
70,HEDEF,HEDEF PORTFÖY VEGA İSTATİSTİKSEL ARBİTRAJ HİSSE SENEDİ SERBEST FON (HİSSE SENEDİ YOĞUN FON)
71,HEDEF,HEDEF PORTFÖY ZEN HİSSE SENEDİ SERBEST (TL) FON (HİSSE SENEDİ YOĞUN)
72,PARDUS,PARDUS PORTFÖY ALTINCI HİSSE SENEDİ SERBEST (TL) FON (HİSSE SENEDİ YOĞUN FON)
73,PARDUS,PARDUS PORTFÖY ANADOLU HİSSE SENEDİ SERBEST FON (HİSSE SENEDİ YOĞUN FON)
74,PARDUS,PARDUS PORTFÖY BANKACILIK SEKTÖRÜ DIŞI ŞİRKETLER HİSSE SENEDİ SERBEST (TL) FON (HİSSE SENEDİ YOĞUN FON)
75,PARDUS,PARDUS PORTFÖY BATI HİSSE SENEDİ SERBEST FON (HİSSE SENEDİ YOĞUN FON)
76,PARDUS,PARDUS PORTFÖY BEREKET HİSSE SENEDİ SERBEST FON (HİSSE SENEDİ YOĞUN FON)
77,PARDUS,PARDUS PORTFÖY BEŞİNCİ HİSSE SENEDİ SERBEST (TL) FON (HİSSE SENEDİ YOĞUN FON)
78,PARDUS,PARDUS PORTFÖY BIST 100 DIŞI ŞİRKETLER HİSSE SENEDİ SERBEST (TL) FON (HİSSE SENEDİ YOĞUN FON)
79,PARDUS,PARDUS PORTFÖY BIST 30 DIŞI ŞİRKETLER HİSSE SENEDİ SERBEST (TL) FON (HİSSE SENEDİ YOĞUN FON)
80,PARDUS,PARDUS PORTFÖY BIST 50 DIŞI ŞİRKETLER HİSSE SENEDİ SERBEST (TL) FON (HİSSE SENEDİ YOĞUN FON)
81,PARDUS,PARDUS PORTFÖY BİRİNCİ HİSSE SENEDİ SERBEST (TL) FON (HİSSE SENEDİ YOĞUN FON)
82,PARDUS,PARDUS PORTFÖY CAPİTAL HİSSE SENEDİ SERBEST FON (HİSSE SENEDİ YOĞUN FON)
83,PARDUS,PARDUS PORTFÖY DOĞU HİSSE SENEDİ SERBEST FON (HİSSE SENEDİ YOĞUN FON)
84,PARDUS,PARDUS PORTFÖY DOKUZUNCU HİSSE SENEDİ SERBEST (TL) FON (HİSSE SENEDİ YOĞUN FON)
85,PARDUS,PARDUS PORTFÖY DÖRDÜNCÜ HİSSE SENEDİ SERBEST (TL) FON (HİSSE SENEDİ YOĞUN FON)
86,PARDUS,PARDUS PORTFÖY GÜNEY HİSSE SENEDİ SERBEST FON (HİSSE SENEDİ YOĞUN FON)
87,PARDUS,PARDUS PORTFÖY İKİNCİ HİSSE SENEDİ (TL) FONU (HİSSE SENEDİ YOĞUN FON)
88,PARDUS,PARDUS PORTFÖY İKİNCİ HİSSE SENEDİ SERBEST (TL) FON (HİSSE SENEDİ YOĞUN FON)
89,PARDUS,PARDUS PORTFÖY İKİNCİ İSTATİSTİKSEL ARBİTRAJ HİSSE SENEDİ SERBEST (TL) FON (HİSSE SENEDİ YOĞUN FON)
90,PARDUS,PARDUS PORTFÖY İSTATİSTİKSEL ARBİTRAJ HİSSE SENEDİ SERBEST (TL) FON (HİSSE SENEDİ YOĞUN FON)
91,PARDUS,PARDUS PORTFÖY KARTAL HİSSE SENEDİ SERBEST FON (HİSSE SENEDİ YOĞUN FON)
92,PARDUS,PARDUS PORTFÖY KUZEY HİSSE SENEDİ SERBEST FON (HİSSE SENEDİ YOĞUN FON)
93,PARDUS,PARDUS PORTFÖY MARMARA HİSSE SENEDİ SERBEST FON (HİSSE SENEDİ YOĞUN FON)
94,PARDUS,PARDUS PORTFÖY MODEL PORTFÖY HİSSE SENEDİ SERBEST FON (HİSSE SENEDİ YOĞUN FON)
95,PARDUS,PARDUS PORTFÖY MUTLAK GETİRİ HEDEFLİ HİSSE SENEDİ SERBEST (TL) FON (HİSSE SENEDİ YOĞUN FON)
96,PARDUS,PARDUS PORTFÖY ONALTINCI HİSSE SENEDİ SERBEST (TL) FON (HİSSE SENEDİ YOĞUN FON)
97,PARDUS,PARDUS PORTFÖY ONBEŞİNCİ HİSSE SENEDİ SERBEST (TL) FON (HİSSE SENEDİ YOĞUN FON)
98,PARDUS,PARDUS PORTFÖY ONBİRİNCİ HİSSE SENEDİ SERBEST (TL) FON (HİSSE SENEDİ YOĞUN FON)
99,PARDUS,PARDUS PORTFÖY ONDOKUZUNCU HİSSE SENEDİ SERBEST FON (HİSSE SENEDİ YOĞUN FON)
100,PARDUS,PARDUS PORTFÖY ONDÖRDÜNCÜ HİSSE SENEDİ SERBEST (TL) FON (HİSSE SENEDİ YOĞUN FON)
101,PARDUS,PARDUS PORTFÖY ONİKİNCİ HİSSE SENEDİ SERBEST (TL) FON (HİSSE SENEDİ YOĞUN FON)
102,PARDUS,PARDUS PORTFÖY ONSEKİZİNCİ HİSSE SENEDİ SERBEST FON (HİSSE SENEDİ YOĞUN FON)
103,PARDUS,PARDUS PORTFÖY ONUNCU HİSSE SENEDİ SERBEST (TL) FON (HİSSE SENEDİ YOĞUN FON)
104,PARDUS,PARDUS PORTFÖY ONÜÇÜNCÜ HİSSE SENEDİ SERBEST (TL) FON (HİSSE SENEDİ YOĞUN FON)
105,PARDUS,PARDUS PORTFÖY ONYEDİNCİ HİSSE SENEDİ SERBEST FON (HİSSE SENEDİ YOĞUN FON)
106,PARDUS,PARDUS PORTFÖY PARA PİYASASI (TL) FON
107,PARDUS,PARDUS PORTFÖY SANAYİ SEKTÖRÜ DIŞI ŞİRKETLER HİSSE SENEDİ SERBEST FON (HİSSE SENEDİ YOĞUN FON)
108,PARDUS,PARDUS PORTFÖY SANAYİ ŞİRKETLERİ HİSSE SENEDİ SERBEST FON (HİSSE SENEDİ YOĞUN FON)
109,PARDUS,PARDUS PORTFÖY SEKİZİNCİ HİSSE SENEDİ SERBEST (TL) FON (HİSSE SENEDİ YOĞUN FON)
110,PARDUS,PARDUS PORTFÖY ÜÇÜNCÜ HİSSE SENEDİ SERBEST FON (HİSSE SENEDİ YOĞUN FON)
111,PARDUS,PARDUS PORTFÖY YİRMİBİRİNCİ HİSSE SENEDİ SERBEST FON (HİSSE SENEDİ YOĞUN FON)
112,PARDUS,PARDUS PORTFÖY YİRMİİKİNCİ HİSSE SENEDİ SERBEST FON (HİSSE SENEDİ YOĞUN FON)
113,PARDUS,PARDUS PORTFÖY YİRMİNCİ HİSSE SENEDİ SERBEST FON (HİSSE SENEDİ YOĞUN FON)
114,PUSULA,PUSULA PORTFÖY BEŞİNCİ HİSSE SENEDİ SERBEST (TL) FON (HİSSE SENEDİ YOĞUN FON)
115,PUSULA,PUSULA PORTFÖY BİRİNCİ HİSSE SENEDİ SERBEST (TL) FON (HİSSE SENEDİ YOĞUN FON)
116,PUSULA,PUSULA PORTFÖY DOĞU HİSSE SENEDİ SERBEST (TL) FON (HİSSE SENEDİ YOĞUN FON)
117,PUSULA,PUSULA PORTFÖY DÖRDÜNCÜ HİSSE SENEDİ SERBEST (TL) FON (HİSSE SENEDİ YOĞUN FON)
118,PUSULA,PUSULA PORTFÖY GÜNEY HİSSE SENEDİ SERBEST (TL) FON (HİSSE SENEDİ YOĞUN FON)
119,PUSULA,PUSULA PORTFÖY İKİNCİ HİSSE SENEDİ SERBEST FON (HİSSE SENEDİ YOĞUN FON)
120,PUSULA,PUSULA PORTFÖY İKİNCİ KATILIM HİSSE SENEDİ SERBEST FON (HİSSE SENEDİ YOĞUN FON)
121,PUSULA,PUSULA PORTFÖY İKİNCİ PARA PİYASASI (TL) FONU
122,PUSULA,PUSULA PORTFÖY KUZEY HİSSE SENEDİ SERBEST (TL) FON (HİSSE SENEDİ YOĞUN FON)
123,PUSULA,PUSULA PORTFÖY PARA PİYASASI (TL) FONU
124,PUSULA,PUSULA PORTFÖY PARA PİYASASI KATILIM (TL) FONU
125,PUSULA,PUSULA PORTFÖY ÜÇÜNCÜ HİSSE SENEDİ SERBEST FON (HİSSE SENEDİ YOĞUN FON)
126,TERA,TERA PORTFÖY BİRİNCİ SERBEST FON
127,TERA,TERA PORTFÖY DÖRDÜNCÜ HİSSE SENEDİ SERBEST (TL) FON (HİSSE SENEDİ YOĞUN FON)
128,TERA,TERA PORTFÖY HİSSE SENEDİ (TL) FONU (HİSSE SENEDİ YOĞUN FON)
129,TERA,TERA PORTFÖY PARA PİYASASI (TL) FONU
130,TERA,TERA PORTFÖY PARA PİYASASI KATILIM (TL) FONU
131,TERA,TERA PORTFÖY ÜÇÜNCÜ HİSSE SENEDİ SERBEST (TL) FON (HİSSE SENEDİ YOĞUN)
