sira,portfoy_sirketi,sirket,fon_unvani,fon_kodu,semsiye_fon_turu,fon_tipi,portfoy_buyuklugu_tl,yatirimci_sayisi,fiyat,tedavuldeki_pay
1,A1 CAPİTAL,A1 Capital,A1 CAPİTAL PORTFÖY BANKACILIK SEKTÖRÜ DIŞI ŞİRKETLER HİSSE SENEDİ SERBEST (TL) FON (HİSSE SENEDİ YOĞUN FON),BHN,Serbest Şemsiye Fonu,Hisse Senedi Yoğun Serbest,474095099.92,41,1.421212,333585058
2,A1 CAPİTAL,A1 Capital,A1 CAPİTAL PORTFÖY BIST 100 DIŞI ŞİRKETLER HİSSE SENEDİ SERBEST (TL) FON (HİSSE SENEDİ YOĞUN FON),BYZ,Serbest Şemsiye Fonu,Hisse Senedi Yoğun Serbest,172077522.01,40,2.094882,82141874
3,A1 CAPİTAL,A1 Capital,A1 CAPİTAL PORTFÖY BIST 30 DIŞI ŞİRKETLER HİSSE SENEDİ SERBEST FON (HİSSE SENEDİ YOĞUN FON),CBD,Serbest Şemsiye Fonu,Hisse Senedi Yoğun Serbest,586027587.88,17,0.051361,11409975961
4,A1 CAPİTAL,A1 Capital,A1 CAPİTAL PORTFÖY HİSSE SENEDİ SERBEST FON (HİSSE SENEDİ YOĞUN FON),CAH,Serbest Şemsiye Fonu,Hisse Senedi Yoğun Serbest,14411214.29,184,1.196702,12042445
5,A1 CAPİTAL,A1 Capital,A1 CAPİTAL PORTFÖY İKİNCİ HİSSE SENEDİ SERBEST (TL) FON (HİSSE SENEDİ YOĞUN FON),CHY,Serbest Şemsiye Fonu,Hisse Senedi Yoğun Serbest,142970532.01,41,0.148515,962664615
6,A1 CAPİTAL,A1 Capital,A1 CAPİTAL PORTFÖY İSTATİSTİKSEL ARBİTRAJ HİSSE SENEDİ SERBEST FON (HİSSE SENEDİ YOĞUN FON),AJ1,Serbest Şemsiye Fonu,Hisse Senedi Yoğun Serbest,10267005.32,83,1.357884,7561033
7,A1 CAPİTAL,A1 Capital,A1 CAPİTAL PORTFÖY PARA PİYASASI (TL) FONU,PAB,Para Piyasası Şemsiye Fonu,Para Piyasası Fonu (PPF),211205201.61,729,1.450875,145570943
8,A1 CAPİTAL,A1 Capital,A1 CAPİTAL PORTFÖY PARA PİYASASI (TL) SERBEST FON,P1A,Serbest Şemsiye Fonu,Para Piyasası / Kısa Vadeli Serbest,716886233.27,360,1.576107,454846048
9,A1 CAPİTAL,A1 Capital,A1 CAPİTAL PORTFÖY SANAYİ SEKTÖRÜ HİSSE SENEDİ SERBEST (TL) FON (HİSSE SENEDİ YOĞUN FON),SEH,Serbest Şemsiye Fonu,Hisse Senedi Yoğun Serbest,104951051.69,45,1.501413,69901499
10,ATLAS,Atlas,ATLAS PORTFÖY ALGO TOROS HİSSE SENEDİ SERBEST (TL) FON (HİSSE SENEDİ YOĞUN FON),LGO,Serbest Şemsiye Fonu,Hisse Senedi Yoğun Serbest,93873107.3,11,6.232307,15062336
11,ATLAS,Atlas,ATLAS PORTFÖY BANKACILIK SEKTÖRÜ HİSSE SENEDİ SERBEST FON (HİSSE SENEDİ YOĞUN FON),BSH,Serbest Şemsiye Fonu,Hisse Senedi Yoğun Serbest,7217043.62,127,0.979611,7367255
12,ATLAS,Atlas,ATLAS PORTFÖY BEŞİNCİ HİSSE SENEDİ SERBEST FON (HİSSE SENEDİ YOĞUN FON),AP5,Serbest Şemsiye Fonu,Hisse Senedi Yoğun Serbest,841947.08,17,0.806803,1043560
13,ATLAS,Atlas,ATLAS PORTFÖY BİRİNCİ HİSSE SENEDİ SERBEST FON (HİSSE SENEDİ YOĞUN FON),BAC,Serbest Şemsiye Fonu,Hisse Senedi Yoğun Serbest,1000259640.07,12,1.170315,854692790
14,ATLAS,Atlas,ATLAS PORTFÖY DÖRDÜNCÜ HİSSE SENEDİ SERBEST FON (HİSSE SENEDİ YOĞUN FON),AP4,Serbest Şemsiye Fonu,Hisse Senedi Yoğun Serbest,235555616.35,11,0.945178,249218342
15,ATLAS,Atlas,ATLAS PORTFÖY DÖRDÜNCÜ SERBEST (TL) FON,ABG,Serbest Şemsiye Fonu,Diğer Serbest Fon,17659972052.28,181,135.122433,130696078
16,ATLAS,Atlas,ATLAS PORTFÖY İKİNCİ HİSSE SENEDİ SERBEST FON (HİSSE SENEDİ YOĞUN FON),LAI,Serbest Şemsiye Fonu,Hisse Senedi Yoğun Serbest,173179364.65,12,1.156448,149751064
17,ATLAS,Atlas,ATLAS PORTFÖY İKİNCİ KATILIM HİSSE SENEDİ SERBEST FON (HİSSE SENEDİ YOĞUN FON),KHD,Serbest Şemsiye Fonu,Hisse Senedi Yoğun Serbest,737874351.34,12,1.414434,521674512
18,ATLAS,Atlas,ATLAS PORTFÖY İSTATİSTİKSEL ARBİTRAJ HİSSE SENEDİ SERBEST FON (HİSSE SENEDİ YOĞUN FON),BTJ,Serbest Şemsiye Fonu,Hisse Senedi Yoğun Serbest,12563921.0,54,1.401715,8963249
19,ATLAS,Atlas,ATLAS PORTFÖY KATILIM HİSSE SENEDİ SERBEST FON (HİSSE SENEDİ YOĞUN FON),KLH,Serbest Şemsiye Fonu,Hisse Senedi Yoğun Serbest,96737211.04,1893,2.452931,39437399
20,ATLAS,Atlas,ATLAS PORTFÖY PARA PİYASASI (TL) FONU,PPT,Para Piyasası Şemsiye Fonu,Para Piyasası Fonu (PPF),2166623302.22,3983,3.378255,641343988
21,ATLAS,Atlas,ATLAS PORTFÖY PARA PİYASASI SERBEST FON,PSE,Serbest Şemsiye Fonu,Para Piyasası / Kısa Vadeli Serbest,22835199008.35,5636,1.936053,11794717821
22,ATLAS,Atlas,ATLAS PORTFÖY SANAYİ SEKTÖRÜ HİSSE SENEDİ SERBEST FON (HİSSE SENEDİ YOĞUN FON),SNY,Serbest Şemsiye Fonu,Hisse Senedi Yoğun Serbest,365479640.14,413,1.238828,295020554
23,ATLAS,Atlas,ATLAS PORTFÖY SERBEST FON,DFI,Serbest Şemsiye Fonu,Diğer Serbest Fon,31299597782.95,47521,6.548005,4780020388
24,ATLAS,Atlas,ATLAS PORTFÖY UFUK HİSSE SENEDİ SERBEST FON (HİSSE SENEDİ YOĞUN FON),GCD,Serbest Şemsiye Fonu,Hisse Senedi Yoğun Serbest,833463264.8,19,3.962272,210349833
25,ATLAS,Atlas,ATLAS PORTFÖY ÜÇÜNCÜ HİSSE SENEDİ SERBEST FON (HİSSE SENEDİ YOĞUN FON),UHS,Serbest Şemsiye Fonu,Hisse Senedi Yoğun Serbest,460949431.06,13,8.565933,53811937
26,BULLS,Bulls,BULLS PORTFÖY ALGORİTMİK HİSSE SENEDİ SERBEST (TL) FON (HİSSE SENEDİ YOĞUN FON),BLA,Serbest Şemsiye Fonu,Hisse Senedi Yoğun Serbest,3581016118.74,15,3.828743,935298004
27,BULLS,Bulls,BULLS PORTFÖY ALTINCI HİSSE SENEDİ SERBEST FON (HİSSE SENEDİ YOĞUN FON),BOS,Serbest Şemsiye Fonu,Hisse Senedi Yoğun Serbest,54065160.12,687,1.210891,44649089
28,BULLS,Bulls,BULLS PORTFÖY BANKACILIK SEKTÖRÜ DIŞI ŞİRKETLER HİSSE SENEDİ SERBEST FON (HİSSE SENEDİ YOĞUN FON),BBO,Serbest Şemsiye Fonu,Hisse Senedi Yoğun Serbest,74374.01,8,0.0161,4619421
29,BULLS,Bulls,BULLS PORTFÖY BEŞİNCİ HİSSE SENEDİ SERBEST FON (HİSSE SENEDİ YOĞUN FON),BP5,Serbest Şemsiye Fonu,Hisse Senedi Yoğun Serbest,42416207.92,11,1.585375,26754688
30,BULLS,Bulls,BULLS PORTFÖY BIST 30 DIŞI ŞİRKETLER HİSSE SENEDİ SERBEST FON (HİSSE SENEDİ YOĞUN FON),BOH,Serbest Şemsiye Fonu,Hisse Senedi Yoğun Serbest,179828928.1,11,0.71768,250569682
31,BULLS,Bulls,BULLS PORTFÖY BIST 50 DIŞI ŞİRKETLER HİSSE SENEDİ SERBEST FON (HİSSE SENEDİ YOĞUN FON),BI5,Serbest Şemsiye Fonu,Hisse Senedi Yoğun Serbest,2458690.79,10,0.869186,2828728
32,BULLS,Bulls,BULLS PORTFÖY BİRİNCİ HİSSE SENEDİ SERBEST (TL) FON (HİSSE SENEDİ YOĞUN FON),BBN,Serbest Şemsiye Fonu,Hisse Senedi Yoğun Serbest,1329643719.87,13,0.577965,2300561650
33,BULLS,Bulls,BULLS PORTFÖY DÖRDÜNCÜ HİSSE SENEDİ SERBEST FON (HİSSE SENEDİ YOĞUN FON),BDO,Serbest Şemsiye Fonu,Hisse Senedi Yoğun Serbest,1473121695.08,11,2.289882,643317774
34,BULLS,Bulls,BULLS PORTFÖY GMS HİSSE SENEDİ SERBEST ÖZEL FON (HİSSE SENEDİ YOĞUN FON),IHY,Serbest Şemsiye Fonu,Hisse Senedi Yoğun Serbest,172773265.05,1,5.142224,33598940
35,BULLS,Bulls,BULLS PORTFÖY İKİNCİ HİSSE SENEDİ SERBEST (TL) FON (HİSSE SENEDİ YOĞUN FON),BIK,Serbest Şemsiye Fonu,Hisse Senedi Yoğun Serbest,2390697739.52,15,1.027726,2326201151
36,BULLS,Bulls,BULLS PORTFÖY MUTLAK GETİRİ HEDEFLİ HİSSE SENEDİ SERBEST FON (HİSSE SENEDİ YOĞUN FON),BMU,Serbest Şemsiye Fonu,Hisse Senedi Yoğun Serbest,152540456.61,2308,2.446277,62356158
37,BULLS,Bulls,BULLS PORTFÖY PARA PİYASASI (TL) FONU,BPZ,Para Piyasası Şemsiye Fonu,Para Piyasası Fonu (PPF),1428227280.37,2496,1.642584,869500455
38,BULLS,Bulls,BULLS PORTFÖY SANAYİ ŞİRKETLERİ HİSSE SENEDİ SERBEST FON (HİSSE SENEDİ YOĞUN FON),BSN,Serbest Şemsiye Fonu,Hisse Senedi Yoğun Serbest,561180466.03,17,0.740631,757705438
39,BULLS,Bulls,BULLS PORTFÖY ÜÇÜNCÜ HİSSE SENEDİ SERBEST (TL) FON (HİSSE SENEDİ YOĞUN FON),BUC,Serbest Şemsiye Fonu,Hisse Senedi Yoğun Serbest,1450420.51,23,0.831726,1743869
40,BULLS,Bulls,BULLS PORTFÖY YILDIZ PAZAR ŞİRKETLERİ HİSSE SENEDİ SERBEST FON (HİSSE SENEDİ YOĞUN FON),YLZ,Serbest Şemsiye Fonu,Hisse Senedi Yoğun Serbest,3325241.6,10,6.641119,500705
41,HEDEF,Hedef,HEDEF PORTFÖY ADA HİSSE SENEDİ SERBEST (TL) FON (HİSSE SENEDİ YOĞUN FON),HLR,Serbest Şemsiye Fonu,Hisse Senedi Yoğun Serbest,2764637842.66,13,106.76799,25893883
42,HEDEF,Hedef,HEDEF PORTFÖY ALGO EVEREST İSTATİSTİKSEL ARBİTRAJ HİSSE SENEDİ SERBEST FON (HİSSE SENEDİ YOĞUN FON),HEH,Serbest Şemsiye Fonu,Hisse Senedi Yoğun Serbest,376310764.28,1386,3.350047,112329996
43,HEDEF,Hedef,HEDEF PORTFÖY ATLAS İSTATİSTİKSEL ARBİTRAJ HİSSE SENEDİ SERBEST FON (HİSSE SENEDİ YOĞUN FON),HAT,Serbest Şemsiye Fonu,Hisse Senedi Yoğun Serbest,2810841.04,78,1.876227,1498135
44,HEDEF,Hedef,HEDEF PORTFÖY BAŞAK HİSSE SENEDİ SERBEST (TL) FON (HİSSE SENEDİ YOĞUN FON),HKM,Serbest Şemsiye Fonu,Hisse Senedi Yoğun Serbest,41865475.15,845,3.727769,11230704
45,HEDEF,Hedef,HEDEF PORTFÖY BİRİNCİ İSTATİSTİKSEL ARBİTRAJ HİSSE SENEDİ SERBEST FON (HİSSE SENEDİ YOĞUN FON),HIM,Serbest Şemsiye Fonu,Hisse Senedi Yoğun Serbest,283352434.92,204,4.063268,69735105
46,HEDEF,Hedef,HEDEF PORTFÖY ÇINAR HİSSE SENEDİ SERBEST (TL) FON (HİSSE SENEDİ YOĞUN FON),HPL,Serbest Şemsiye Fonu,Hisse Senedi Yoğun Serbest,129585988.06,24,0.444069,291815213
47,HEDEF,Hedef,HEDEF PORTFÖY DOĞU HİSSE SENEDİ SERBEST (TL) FON (HİSSE SENEDİ YOĞUN FON),HDH,Serbest Şemsiye Fonu,Hisse Senedi Yoğun Serbest,12268938657.68,17,3317.42131,3698336
48,HEDEF,Hedef,HEDEF PORTFÖY DORUK HİSSE SENEDİ SERBEST (TL) FON (HİSSE SENEDİ YOĞUN FON),HBV,Serbest Şemsiye Fonu,Hisse Senedi Yoğun Serbest,1060741191.55,17,18.431617,57550088
49,HEDEF,Hedef,HEDEF PORTFÖY DÖRDÜNCÜ İSTATİSTİKSEL ARBİTRAJ HİSSE SENEDİ SERBEST (TL) FON (HİSSE SENEDİ YOĞUN FON),HDA,Serbest Şemsiye Fonu,Hisse Senedi Yoğun Serbest,79008127.96,497,3.177623,24863905
50,HEDEF,Hedef,HEDEF PORTFÖY ECE HİSSE SENEDİ SERBEST (TL) FON (HİSSE SENEDİ YOĞUN FON),HVA,Serbest Şemsiye Fonu,Hisse Senedi Yoğun Serbest,64524506.87,16,111.312867,579668
51,HEDEF,Hedef,HEDEF PORTFÖY EGE HİSSE SENEDİ SERBEST (TL) FON (HİSSE SENEDİ YOĞUN FON),HMK,Serbest Şemsiye Fonu,Hisse Senedi Yoğun Serbest,68976172.35,39,277.413821,248640
52,HEDEF,Hedef,HEDEF PORTFÖY GÜNEŞ HİSSE SENEDİ SERBEST (TL) FON (HİSSE SENEDİ YOĞUN FON),HGH,Serbest Şemsiye Fonu,Hisse Senedi Yoğun Serbest,1011411.96,19,1.766828,572445
53,HEDEF,Hedef,HEDEF PORTFÖY GÜNEY HİSSE SENEDİ SERBEST FON (HİSSE SENEDİ YOĞUN FON),HGJ,Serbest Şemsiye Fonu,Hisse Senedi Yoğun Serbest,989611351.18,12,9.070936,109096943
54,HEDEF,Hedef,HEDEF PORTFÖY İDEAL HİSSE SENEDİ SERBEST (TL) FON (HİSSE SENEDİ YOĞUN FON),HPI,Serbest Şemsiye Fonu,Hisse Senedi Yoğun Serbest,137509778.18,14,3.995742,34414080
55,HEDEF,Hedef,HEDEF PORTFÖY İKİNCİ KATILIM HİSSE SENEDİ SERBEST FON (HİSSE SENEDİ YOĞUN FON),HFI,Serbest Şemsiye Fonu,Hisse Senedi Yoğun Serbest,60016872.22,130,1.751374,34268457
56,HEDEF,Hedef,HEDEF PORTFÖY İKİNCİ PARA PİYASASI (TL) FON,HPP,Para Piyasası Şemsiye Fonu,Para Piyasası Fonu (PPF),0.0,0,0.0,0
57,HEDEF,Hedef,HEDEF PORTFÖY İNCİ HİSSE SENEDİ SERBEST ÖZEL FON (HİSSE SENEDİ YOĞUN FON),HIN,Serbest Şemsiye Fonu,Hisse Senedi Yoğun Serbest,0.0,0,0.0,0
58,HEDEF,Hedef,HEDEF PORTFÖY KATILIM HİSSE SENEDİ SERBEST (TL) FON (HİSSE SENEDİ YOĞUN FON),HKP,Serbest Şemsiye Fonu,Hisse Senedi Yoğun Serbest,142884579.97,66,5.736049,24909931
59,HEDEF,Hedef,HEDEF PORTFÖY KISA VADELİ SERBEST FON,KSA,Serbest Şemsiye Fonu,Para Piyasası / Kısa Vadeli Serbest,16444799323.2,4180,4.235966,3882184330
60,HEDEF,Hedef,HEDEF PORTFÖY KUZEY HİSSE SENEDİ SERBEST (TL) FON (HİSSE SENEDİ YOĞUN FON),HPF,Serbest Şemsiye Fonu,Hisse Senedi Yoğun Serbest,813573542.64,12,18.854928,43149120
61,HEDEF,Hedef,HEDEF PORTFÖY MAVİ HİSSE SENEDİ SERBEST (TL) FON (HİSSE SENEDİ YOĞUN FON),HMV,Serbest Şemsiye Fonu,Hisse Senedi Yoğun Serbest,15464729987.59,13,17.430262,887234531
62,HEDEF,Hedef,HEDEF PORTFÖY MODEL HİSSE SENEDİ SERBEST (TL) FON (HİSSE SENEDİ YOĞUN FON),FNT,Serbest Şemsiye Fonu,Hisse Senedi Yoğun Serbest,318870200.67,1696,2.004464,159080038
63,HEDEF,Hedef,HEDEF PORTFÖY NEHİR HİSSE SENEDİ SERBEST (TL) FON (HİSSE SENEDİ YOĞUN FON),NFK,Serbest Şemsiye Fonu,Hisse Senedi Yoğun Serbest,1192021564.08,65,4.660216,255786761
64,HEDEF,Hedef,HEDEF PORTFÖY PARA PİYASASI (TL) FONU,HYV,Para Piyasası Şemsiye Fonu,Para Piyasası Fonu (PPF),6191421886.29,6363,6.49879,952703812
65,HEDEF,Hedef,HEDEF PORTFÖY PARA PİYASASI KATILIM FONU,HPH,Katılım Şemsiye Fonu,Katılım (Para Piyasası) Fonu,6021721509.95,9058,2.434937,2473050396
66,HEDEF,Hedef,HEDEF PORTFÖY PARA PİYASASI SERBEST FON,HKJ,Serbest Şemsiye Fonu,Para Piyasası / Kısa Vadeli Serbest,11420806705.43,2210,1.447563,7889676412
67,HEDEF,Hedef,HEDEF PORTFÖY PUSULA HİSSE SENEDİ SERBEST (TL) FON (HİSSE SENEDİ YOĞUN FON),HVB,Serbest Şemsiye Fonu,Hisse Senedi Yoğun Serbest,1154831610.38,13,1.003217,1151128347
68,HEDEF,Hedef,HEDEF PORTFÖY ROTA HİSSE SENEDİ SERBEST (TL) FON (HİSSE SENEDİ YOĞUN FON),HVC,Serbest Şemsiye Fonu,Hisse Senedi Yoğun Serbest,70316264.17,16,25.778308,2727730
69,HEDEF,Hedef,HEDEF PORTFÖY UFUK HİSSE SENEDİ SERBEST FON (HİSSE SENEDİ YOĞUN FON),DUH,Serbest Şemsiye Fonu,Hisse Senedi Yoğun Serbest,133830518.15,446,1.044251,128159333
70,HEDEF,Hedef,HEDEF PORTFÖY VEGA İSTATİSTİKSEL ARBİTRAJ HİSSE SENEDİ SERBEST FON (HİSSE SENEDİ YOĞUN FON),HDK,Serbest Şemsiye Fonu,Hisse Senedi Yoğun Serbest,11977938.92,126,3.040744,3939148
71,HEDEF,Hedef,HEDEF PORTFÖY ZEN HİSSE SENEDİ SERBEST (TL) FON (HİSSE SENEDİ YOĞUN),HPZ,Serbest Şemsiye Fonu,Hisse Senedi Yoğun Serbest,5141529.29,18,531.479149,9674
72,PARDUS,Pardus,PARDUS PORTFÖY ALTINCI HİSSE SENEDİ SERBEST (TL) FON (HİSSE SENEDİ YOĞUN FON),AP6,Serbest Şemsiye Fonu,Hisse Senedi Yoğun Serbest,721349167.31,45,7.567257,95325048
73,PARDUS,Pardus,PARDUS PORTFÖY ANADOLU HİSSE SENEDİ SERBEST FON (HİSSE SENEDİ YOĞUN FON),PAO,Serbest Şemsiye Fonu,Hisse Senedi Yoğun Serbest,4316852.72,217,1.090675,3957963
74,PARDUS,Pardus,PARDUS PORTFÖY BANKACILIK SEKTÖRÜ DIŞI ŞİRKETLER HİSSE SENEDİ SERBEST (TL) FON (HİSSE SENEDİ YOĞUN FON),BST,Serbest Şemsiye Fonu,Hisse Senedi Yoğun Serbest,36159899.09,541,10.424106,3468873
75,PARDUS,Pardus,PARDUS PORTFÖY BATI HİSSE SENEDİ SERBEST FON (HİSSE SENEDİ YOĞUN FON),PHY,Serbest Şemsiye Fonu,Hisse Senedi Yoğun Serbest,639570889.27,45,5.089799,125657393
76,PARDUS,Pardus,PARDUS PORTFÖY BEREKET HİSSE SENEDİ SERBEST FON (HİSSE SENEDİ YOĞUN FON),BRT,Serbest Şemsiye Fonu,Hisse Senedi Yoğun Serbest,10073125.51,315,0.805998,12497713
77,PARDUS,Pardus,PARDUS PORTFÖY BEŞİNCİ HİSSE SENEDİ SERBEST (TL) FON (HİSSE SENEDİ YOĞUN FON),BHH,Serbest Şemsiye Fonu,Hisse Senedi Yoğun Serbest,367908368.14,71,0.189887,1937513173
78,PARDUS,Pardus,PARDUS PORTFÖY BIST 100 DIŞI ŞİRKETLER HİSSE SENEDİ SERBEST (TL) FON (HİSSE SENEDİ YOĞUN FON),PBY,Serbest Şemsiye Fonu,Hisse Senedi Yoğun Serbest,161013434.51,54,1.200224,134152805
79,PARDUS,Pardus,PARDUS PORTFÖY BIST 30 DIŞI ŞİRKETLER HİSSE SENEDİ SERBEST (TL) FON (HİSSE SENEDİ YOĞUN FON),BSE,Serbest Şemsiye Fonu,Hisse Senedi Yoğun Serbest,227317820.81,65,0.324876,699706389
80,PARDUS,Pardus,PARDUS PORTFÖY BIST 50 DIŞI ŞİRKETLER HİSSE SENEDİ SERBEST (TL) FON (HİSSE SENEDİ YOĞUN FON),BDI,Serbest Şemsiye Fonu,Hisse Senedi Yoğun Serbest,271188587.4,72,0.000251,1078899892195
81,PARDUS,Pardus,PARDUS PORTFÖY BİRİNCİ HİSSE SENEDİ SERBEST (TL) FON (HİSSE SENEDİ YOĞUN FON),AC7,Serbest Şemsiye Fonu,Hisse Senedi Yoğun Serbest,3033937250.7,44,4.703049,645100136
82,PARDUS,Pardus,PARDUS PORTFÖY CAPİTAL HİSSE SENEDİ SERBEST FON (HİSSE SENEDİ YOĞUN FON),PCH,Serbest Şemsiye Fonu,Hisse Senedi Yoğun Serbest,946947255.47,56,4.279875,221255824
83,PARDUS,Pardus,PARDUS PORTFÖY DOĞU HİSSE SENEDİ SERBEST FON (HİSSE SENEDİ YOĞUN FON),PDH,Serbest Şemsiye Fonu,Hisse Senedi Yoğun Serbest,5679008506.28,78,20.241988,280555872
84,PARDUS,Pardus,PARDUS PORTFÖY DOKUZUNCU HİSSE SENEDİ SERBEST (TL) FON (HİSSE SENEDİ YOĞUN FON),DHI,Serbest Şemsiye Fonu,Hisse Senedi Yoğun Serbest,2107618683.55,46,0.398742,5285672299
85,PARDUS,Pardus,PARDUS PORTFÖY DÖRDÜNCÜ HİSSE SENEDİ SERBEST (TL) FON (HİSSE SENEDİ YOĞUN FON),DRH,Serbest Şemsiye Fonu,Hisse Senedi Yoğun Serbest,381045370.11,70,1.387496,274628048
86,PARDUS,Pardus,PARDUS PORTFÖY GÜNEY HİSSE SENEDİ SERBEST FON (HİSSE SENEDİ YOĞUN FON),PGE,Serbest Şemsiye Fonu,Hisse Senedi Yoğun Serbest,10672690552.28,45,26.428842,403827399
87,PARDUS,Pardus,PARDUS PORTFÖY İKİNCİ HİSSE SENEDİ (TL) FONU (HİSSE SENEDİ YOĞUN FON),KHA,Hisse Senedi Şemsiye Fonu,Hisse Senedi Fonu,4057697812.55,31609,4.555175,890788494
88,PARDUS,Pardus,PARDUS PORTFÖY İKİNCİ HİSSE SENEDİ SERBEST (TL) FON (HİSSE SENEDİ YOĞUN FON),AC8,Serbest Şemsiye Fonu,Hisse Senedi Yoğun Serbest,2873820710.42,96,189.772344,15143517
89,PARDUS,Pardus,PARDUS PORTFÖY İKİNCİ İSTATİSTİKSEL ARBİTRAJ HİSSE SENEDİ SERBEST (TL) FON (HİSSE SENEDİ YOĞUN FON),IAU,Serbest Şemsiye Fonu,Hisse Senedi Yoğun Serbest,16596778.5,200,2.703293,6139468
90,PARDUS,Pardus,PARDUS PORTFÖY İSTATİSTİKSEL ARBİTRAJ HİSSE SENEDİ SERBEST (TL) FON (HİSSE SENEDİ YOĞUN FON),AC5,Serbest Şemsiye Fonu,Hisse Senedi Yoğun Serbest,23394673.37,146,3.794818,6164900
91,PARDUS,Pardus,PARDUS PORTFÖY KARTAL HİSSE SENEDİ SERBEST FON (HİSSE SENEDİ YOĞUN FON),KRH,Serbest Şemsiye Fonu,Hisse Senedi Yoğun Serbest,2210676564.86,41,1.696443,1303124471
92,PARDUS,Pardus,PARDUS PORTFÖY KUZEY HİSSE SENEDİ SERBEST FON (HİSSE SENEDİ YOĞUN FON),PKU,Serbest Şemsiye Fonu,Hisse Senedi Yoğun Serbest,7984898436.66,45,14.632384,545700430
93,PARDUS,Pardus,PARDUS PORTFÖY MARMARA HİSSE SENEDİ SERBEST FON (HİSSE SENEDİ YOĞUN FON),PMH,Serbest Şemsiye Fonu,Hisse Senedi Yoğun Serbest,39884.23,43,0.003619,11021437
94,PARDUS,Pardus,PARDUS PORTFÖY MODEL PORTFÖY HİSSE SENEDİ SERBEST FON (HİSSE SENEDİ YOĞUN FON),PMP,Serbest Şemsiye Fonu,Hisse Senedi Yoğun Serbest,11836367.75,366,0.721151,16413171
95,PARDUS,Pardus,PARDUS PORTFÖY MUTLAK GETİRİ HEDEFLİ HİSSE SENEDİ SERBEST (TL) FON (HİSSE SENEDİ YOĞUN FON),MGE,Serbest Şemsiye Fonu,Hisse Senedi Yoğun Serbest,251500154.53,67,0.35969,699213023
96,PARDUS,Pardus,PARDUS PORTFÖY ONALTINCI HİSSE SENEDİ SERBEST (TL) FON (HİSSE SENEDİ YOĞUN FON),POF,Serbest Şemsiye Fonu,Hisse Senedi Yoğun Serbest,2675995055.72,45,2.498031,1071241579
97,PARDUS,Pardus,PARDUS PORTFÖY ONBEŞİNCİ HİSSE SENEDİ SERBEST (TL) FON (HİSSE SENEDİ YOĞUN FON),POS,Serbest Şemsiye Fonu,Hisse Senedi Yoğun Serbest,67202327.71,332,1.111738,60447991
98,PARDUS,Pardus,PARDUS PORTFÖY ONBİRİNCİ HİSSE SENEDİ SERBEST (TL) FON (HİSSE SENEDİ YOĞUN FON),POB,Serbest Şemsiye Fonu,Hisse Senedi Yoğun Serbest,4420323890.67,42,4.271052,1034949682
99,PARDUS,Pardus,PARDUS PORTFÖY ONDOKUZUNCU HİSSE SENEDİ SERBEST FON (HİSSE SENEDİ YOĞUN FON),PO9,Serbest Şemsiye Fonu,Hisse Senedi Yoğun Serbest,189287896.13,136,0.679355,278628980
100,PARDUS,Pardus,PARDUS PORTFÖY ONDÖRDÜNCÜ HİSSE SENEDİ SERBEST (TL) FON (HİSSE SENEDİ YOĞUN FON),PPO,Serbest Şemsiye Fonu,Hisse Senedi Yoğun Serbest,134292883.34,44,2.194912,61183726
101,PARDUS,Pardus,PARDUS PORTFÖY ONİKİNCİ HİSSE SENEDİ SERBEST (TL) FON (HİSSE SENEDİ YOĞUN FON),POI,Serbest Şemsiye Fonu,Hisse Senedi Yoğun Serbest,252040973.95,42,0.055318,4556187573
102,PARDUS,Pardus,PARDUS PORTFÖY ONSEKİZİNCİ HİSSE SENEDİ SERBEST FON (HİSSE SENEDİ YOĞUN FON),PO8,Serbest Şemsiye Fonu,Hisse Senedi Yoğun Serbest,2464209.69,46,2.772856,888690
103,PARDUS,Pardus,PARDUS PORTFÖY ONUNCU HİSSE SENEDİ SERBEST (TL) FON (HİSSE SENEDİ YOĞUN FON),OHI,Serbest Şemsiye Fonu,Hisse Senedi Yoğun Serbest,1196539830.45,44,0.121481,9849630500
104,PARDUS,Pardus,PARDUS PORTFÖY ONÜÇÜNCÜ HİSSE SENEDİ SERBEST (TL) FON (HİSSE SENEDİ YOĞUN FON),POU,Serbest Şemsiye Fonu,Hisse Senedi Yoğun Serbest,9135412314.69,73,3.456046,2643312925
105,PARDUS,Pardus,PARDUS PORTFÖY ONYEDİNCİ HİSSE SENEDİ SERBEST FON (HİSSE SENEDİ YOĞUN FON),PO7,Serbest Şemsiye Fonu,Hisse Senedi Yoğun Serbest,1556039441.61,43,1.028123,1513476425
106,PARDUS,Pardus,PARDUS PORTFÖY PARA PİYASASI (TL) FON,AC4,Para Piyasası Şemsiye Fonu,Para Piyasası Fonu (PPF),2010540345.02,4214,4.116252,488439575
107,PARDUS,Pardus,PARDUS PORTFÖY SANAYİ SEKTÖRÜ DIŞI ŞİRKETLER HİSSE SENEDİ SERBEST FON (HİSSE SENEDİ YOĞUN FON),PST,Serbest Şemsiye Fonu,Hisse Senedi Yoğun Serbest,34550864.15,48,0.008183,4222197261
108,PARDUS,Pardus,PARDUS PORTFÖY SANAYİ ŞİRKETLERİ HİSSE SENEDİ SERBEST FON (HİSSE SENEDİ YOĞUN FON),PSR,Serbest Şemsiye Fonu,Hisse Senedi Yoğun Serbest,1134886063.17,45,2.733734,415141394
109,PARDUS,Pardus,PARDUS PORTFÖY SEKİZİNCİ HİSSE SENEDİ SERBEST (TL) FON (HİSSE SENEDİ YOĞUN FON),SHI,Serbest Şemsiye Fonu,Hisse Senedi Yoğun Serbest,772929578.55,46,0.186721,4139493592
110,PARDUS,Pardus,PARDUS PORTFÖY ÜÇÜNCÜ HİSSE SENEDİ SERBEST FON (HİSSE SENEDİ YOĞUN FON),CSH,Serbest Şemsiye Fonu,Hisse Senedi Yoğun Serbest,3644151981.5,54,2.30304,1582322640
111,PARDUS,Pardus,PARDUS PORTFÖY YİRMİBİRİNCİ HİSSE SENEDİ SERBEST FON (HİSSE SENEDİ YOĞUN FON),PYD,Serbest Şemsiye Fonu,Hisse Senedi Yoğun Serbest,26424005.14,44,0.144766,182529203
112,PARDUS,Pardus,PARDUS PORTFÖY YİRMİİKİNCİ HİSSE SENEDİ SERBEST FON (HİSSE SENEDİ YOĞUN FON),PYI,Serbest Şemsiye Fonu,Hisse Senedi Yoğun Serbest,795209815.28,44,3.110964,255615232
113,PARDUS,Pardus,PARDUS PORTFÖY YİRMİNCİ HİSSE SENEDİ SERBEST FON (HİSSE SENEDİ YOĞUN FON),PYR,Serbest Şemsiye Fonu,Hisse Senedi Yoğun Serbest,50615350.92,1040,1.145999,44166994
114,PUSULA,Pusula,PUSULA PORTFÖY BEŞİNCİ HİSSE SENEDİ SERBEST (TL) FON (HİSSE SENEDİ YOĞUN FON),PHB,Serbest Şemsiye Fonu,Hisse Senedi Yoğun Serbest,4544972896.88,15,0.863602,5262810617
115,PUSULA,Pusula,PUSULA PORTFÖY BİRİNCİ HİSSE SENEDİ SERBEST (TL) FON (HİSSE SENEDİ YOĞUN FON),PBH,Serbest Şemsiye Fonu,Hisse Senedi Yoğun Serbest,2915014607.08,12,1.215453,2398294516
116,PUSULA,Pusula,PUSULA PORTFÖY DOĞU HİSSE SENEDİ SERBEST (TL) FON (HİSSE SENEDİ YOĞUN FON),PDG,Serbest Şemsiye Fonu,Hisse Senedi Yoğun Serbest,214861102.4,11,0.408624,525815645
117,PUSULA,Pusula,PUSULA PORTFÖY DÖRDÜNCÜ HİSSE SENEDİ SERBEST (TL) FON (HİSSE SENEDİ YOĞUN FON),PDC,Serbest Şemsiye Fonu,Hisse Senedi Yoğun Serbest,233145617.26,15,0.214947,1084666311
118,PUSULA,Pusula,PUSULA PORTFÖY GÜNEY HİSSE SENEDİ SERBEST (TL) FON (HİSSE SENEDİ YOĞUN FON),PGH,Serbest Şemsiye Fonu,Hisse Senedi Yoğun Serbest,2613381839.41,12,1.967429,1328323644
119,PUSULA,Pusula,PUSULA PORTFÖY İKİNCİ HİSSE SENEDİ SERBEST FON (HİSSE SENEDİ YOĞUN FON),PHN,Serbest Şemsiye Fonu,Hisse Senedi Yoğun Serbest,0.0,18,0.0,0
120,PUSULA,Pusula,PUSULA PORTFÖY İKİNCİ KATILIM HİSSE SENEDİ SERBEST FON (HİSSE SENEDİ YOĞUN FON),PKD,Serbest Şemsiye Fonu,Hisse Senedi Yoğun Serbest,6073841.65,102,0.916235,6629133
121,PUSULA,Pusula,PUSULA PORTFÖY İKİNCİ PARA PİYASASI (TL) FONU,PNU,Para Piyasası Şemsiye Fonu,Para Piyasası Fonu (PPF),6495458852.23,20397,1.283142,5062150367
122,PUSULA,Pusula,PUSULA PORTFÖY KUZEY HİSSE SENEDİ SERBEST (TL) FON (HİSSE SENEDİ YOĞUN FON),PKZ,Serbest Şemsiye Fonu,Hisse Senedi Yoğun Serbest,27807603557.62,16,6.530213,4258299901
123,PUSULA,Pusula,PUSULA PORTFÖY PARA PİYASASI (TL) FONU,PRY,Para Piyasası Şemsiye Fonu,Para Piyasası Fonu (PPF),18923300311.92,39320,3.288388,5754582499
124,PUSULA,Pusula,PUSULA PORTFÖY PARA PİYASASI KATILIM (TL) FONU,PKM,Katılım Şemsiye Fonu,Katılım (Para Piyasası) Fonu,350723015.76,411,1.098537,319263668
125,PUSULA,Pusula,PUSULA PORTFÖY ÜÇÜNCÜ HİSSE SENEDİ SERBEST FON (HİSSE SENEDİ YOĞUN FON),PCS,Serbest Şemsiye Fonu,Hisse Senedi Yoğun Serbest,0.0,28,0.0,0
126,TERA,Tera,TERA PORTFÖY BİRİNCİ SERBEST FON,TLY,Serbest Şemsiye Fonu,Diğer Serbest Fon,243624480154.28,102616,10308.967128,23632288
127,TERA,Tera,TERA PORTFÖY DÖRDÜNCÜ HİSSE SENEDİ SERBEST (TL) FON (HİSSE SENEDİ YOĞUN FON),DOH,Serbest Şemsiye Fonu,Hisse Senedi Yoğun Serbest,45268031818.0,41799,2.566793,17636024843
128,TERA,Tera,TERA PORTFÖY HİSSE SENEDİ (TL) FONU (HİSSE SENEDİ YOĞUN FON),THF,Hisse Senedi Şemsiye Fonu,Hisse Senedi Fonu,142076701550.72,206326,2.923361,48600470181
129,TERA,Tera,TERA PORTFÖY PARA PİYASASI (TL) FONU,TP2,Para Piyasası Şemsiye Fonu,Para Piyasası Fonu (PPF),224391916391.0,167000,2.243343,100025680519
130,TERA,Tera,TERA PORTFÖY PARA PİYASASI KATILIM (TL) FONU,TLV,Katılım Şemsiye Fonu,Katılım (Para Piyasası) Fonu,4282993301.16,11866,1.403881,3050822817
131,TERA,Tera,TERA PORTFÖY ÜÇÜNCÜ HİSSE SENEDİ SERBEST (TL) FON (HİSSE SENEDİ YOĞUN),T3B,Serbest Şemsiye Fonu,Hisse Senedi Yoğun Serbest,20743855332.47,18,0.147534,140603934957
