fon_kodu,fon_unvani,sirket_grubu,semsiye_fon_turu,portfoy_buyuklugu_tl,kaldirac_var,Hisse Senedi (%),Devlet Tahvili (%),Hazine Bonosu (%),Finansman Bonosu (%),Özel Sektör Tahvili (%),Varlığa Dayalı Menkul Kıymetler (%),Kamu Kira Sertifikaları (TL) (%),Özel Sektör Kira Sertifikaları (%),Ters-Repo (%),Repo (%),BİST Taahhütlü İşlem Pazarı Satım (%),Takasbank Para Piyasası (%),Borsa İstanbul Para Piyasası (%),Mevduat (TL) (%),Katılma Hesabı (TL) (%),Borsa Yatırım Fonları Katılma Payları (%),Yatırım Fonları Katılma Payları (%),Vadeli İşlemler Nakit Teminatları (%),Diğer (%),Girişim Sermayesi Yatırım Fonu Katılma Payları (%),Hisse Senedi (TL),Devlet Tahvili (TL),Hazine Bonosu (TL),Finansman Bonosu (TL),Özel Sektör Tahvili (TL),Varlığa Dayalı Menkul Kıymetler (TL),Kamu Kira Sertifikaları (TL) (TL),Özel Sektör Kira Sertifikaları (TL),Ters-Repo (TL),Repo (TL),BİST Taahhütlü İşlem Pazarı Satım (TL),Takasbank Para Piyasası (TL),Borsa İstanbul Para Piyasası (TL),Mevduat (TL) (TL),Katılma Hesabı (TL) (TL),Borsa Yatırım Fonları Katılma Payları (TL),Yatırım Fonları Katılma Payları (TL),Vadeli İşlemler Nakit Teminatları (TL),Diğer (TL),Girişim Sermayesi Yatırım Fonu Katılma Payları (TL)
BPZ,BULLS PORTFÖY PARA PİYASASI (TL) FONU,Bulls,Para Piyasası Şemsiye Fonu,1428227280.37,,,12.22,,12.74,,,,1.32,53.89,,,,19.83,,,,,,,,,174529373.66,,181956155.52,,,,18852600.1,769671681.39,,,,283217469.7,,,,,,,
BBN,BULLS PORTFÖY BİRİNCİ HİSSE SENEDİ SERBEST (TL) FON (HİSSE SENEDİ YOĞUN FON),Bulls,Serbest Şemsiye Fonu,1329643719.87,evet,109.22,,,,,,,,,,,,-9.22,,,,,,,,1452236870.84,,,,,,,,,,,,-122593150.97,,,,,,,
BBO,BULLS PORTFÖY BANKACILIK SEKTÖRÜ DIŞI ŞİRKETLER HİSSE SENEDİ SERBEST FON (HİSSE SENEDİ YOĞUN FON),Bulls,Serbest Şemsiye Fonu,74374.01,,53.32,,,,,,,,,,,,,,,,46.68,,,,39656.22,,,,,,,,,,,,,,,,34717.79,,,
BDO,BULLS PORTFÖY DÖRDÜNCÜ HİSSE SENEDİ SERBEST FON (HİSSE SENEDİ YOĞUN FON),Bulls,Serbest Şemsiye Fonu,1473121695.08,,99.96,,,,,,,,,,,,,,,,0.04,,,,1472532446.4,,,,,,,,,,,,,,,,589248.68,,,
BI5,BULLS PORTFÖY BIST 50 DIŞI ŞİRKETLER HİSSE SENEDİ SERBEST FON (HİSSE SENEDİ YOĞUN FON),Bulls,Serbest Şemsiye Fonu,2458690.79,,95.71,,,,,,,,,,,,,,,,,4.29,,,2353212.96,,,,,,,,,,,,,,,,,105477.83,,
BIK,BULLS PORTFÖY İKİNCİ HİSSE SENEDİ SERBEST (TL) FON (HİSSE SENEDİ YOĞUN FON),Bulls,Serbest Şemsiye Fonu,2390697739.52,,100.0,,,,,,,,,,,,,,,,,,,,2390697739.52,,,,,,,,,,,,,,,,,,,
BLA,BULLS PORTFÖY ALGORİTMİK HİSSE SENEDİ SERBEST (TL) FON (HİSSE SENEDİ YOĞUN FON),Bulls,Serbest Şemsiye Fonu,3581016118.74,evet,100.09,,,,,,,,,,,,-0.09,,,,,,,,3584239033.25,,,,,,,,,,,,-3222914.51,,,,,,,
BMU,BULLS PORTFÖY MUTLAK GETİRİ HEDEFLİ HİSSE SENEDİ SERBEST FON (HİSSE SENEDİ YOĞUN FON),Bulls,Serbest Şemsiye Fonu,152540456.61,,90.96,,,,,,,,,,,,,,,,,9.04,,,138750799.33,,,,,,,,,,,,,,,,,13789657.28,,
BOH,BULLS PORTFÖY BIST 30 DIŞI ŞİRKETLER HİSSE SENEDİ SERBEST FON (HİSSE SENEDİ YOĞUN FON),Bulls,Serbest Şemsiye Fonu,179828928.1,,86.76,,,,,,,,,,,,,,,,,13.24,,,156019578.02,,,,,,,,,,,,,,,,,23809350.08,,
BOS,BULLS PORTFÖY ALTINCI HİSSE SENEDİ SERBEST FON (HİSSE SENEDİ YOĞUN FON),Bulls,Serbest Şemsiye Fonu,54065160.12,,75.25,,,,,,,,,,,,13.78,,,,,10.97,,,40684032.99,,,,,,,,,,,,7450179.06,,,,,5930948.07,,
BP5,BULLS PORTFÖY BEŞİNCİ HİSSE SENEDİ SERBEST FON (HİSSE SENEDİ YOĞUN FON),Bulls,Serbest Şemsiye Fonu,42416207.92,,83.23,,,,,,,,,,,,,,,,16.32,0.45,,,35303009.85,,,,,,,,,,,,,,,,6922325.13,190872.94,,
BSN,BULLS PORTFÖY SANAYİ ŞİRKETLERİ HİSSE SENEDİ SERBEST FON (HİSSE SENEDİ YOĞUN FON),Bulls,Serbest Şemsiye Fonu,561180466.03,evet,100.29,,,,,,,,,,,,-0.29,,,,,,,,562807889.38,,,,,,,,,,,,-1627423.35,,,,,,,
BUC,BULLS PORTFÖY ÜÇÜNCÜ HİSSE SENEDİ SERBEST (TL) FON (HİSSE SENEDİ YOĞUN FON),Bulls,Serbest Şemsiye Fonu,1450420.51,,74.17,,,,,,,,,,,,,,,,,25.83,,,1075776.89,,,,,,,,,,,,,,,,,374643.62,,
IHY,BULLS PORTFÖY GMS HİSSE SENEDİ SERBEST ÖZEL FON (HİSSE SENEDİ YOĞUN FON),Bulls,Serbest Şemsiye Fonu,172773265.05,,87.48,,,,,,,,,,,,,,,,0.08,12.44,,,151142052.27,,,,,,,,,,,,,,,,138218.61,21492994.17,,
YLZ,BULLS PORTFÖY YILDIZ PAZAR ŞİRKETLERİ HİSSE SENEDİ SERBEST FON (HİSSE SENEDİ YOĞUN FON),Bulls,Serbest Şemsiye Fonu,3325241.6,,93.77,,,,,,,,,,,,,,,,5.41,0.82,,,3118079.05,,,,,,,,,,,,,,,,179895.57,27266.98,,
TLY,TERA PORTFÖY BİRİNCİ SERBEST FON,Tera,Serbest Şemsiye Fonu,243624480154.28,evet,87.43,,,4.49,,,,3.41,2.67,-7.61,,,,0.53,,,8.9,0.18,,,213000882998.89,,,10938739158.93,,,,8307594773.26,6504773620.12,-18539822939.74,,,,1291209744.82,,,21682578733.73,438524064.28,,
DOH,TERA PORTFÖY DÖRDÜNCÜ HİSSE SENEDİ SERBEST (TL) FON (HİSSE SENEDİ YOĞUN FON),Tera,Serbest Şemsiye Fonu,45268031818.0,,90.41,,,,,,,,,,,,,,,,9.5,0.09,,,40926827566.65,,,,,,,,,,,,,,,,4300463022.71,40741228.64,,
T3B,TERA PORTFÖY ÜÇÜNCÜ HİSSE SENEDİ SERBEST (TL) FON (HİSSE SENEDİ YOĞUN),Tera,Serbest Şemsiye Fonu,20743855332.47,evet,96.86,,,2.53,,1.68,,0.24,,-3.78,,-2.8,,,,,3.09,0.2,,1.98,20092498275.03,,,524819539.91,,348496769.59,,49785252.8,,-784117731.57,,-580827949.31,,,,,640985129.77,41487710.66,,410728335.58
TLV,TERA PORTFÖY PARA PİYASASI KATILIM (TL) FONU,Tera,Katılım Şemsiye Fonu,4282993301.16,,,,,,,,22.47,18.82,,,11.74,,,,37.04,9.93,,,,,,,,,,,962388594.77,806059339.28,,,502823413.56,,,,1586420718.75,425301234.81,,,,
TP2,TERA PORTFÖY PARA PİYASASI (TL) FONU,Tera,Para Piyasası Şemsiye Fonu,224391916391.0,,,9.76,,1.09,0.01,2.52,0.02,5.54,63.17,,,,15.7,,2.19,,,,,,,21900651039.76,,2445871888.66,22439191.64,5654676293.05,44878383.28,12431312168.06,141748373584.19,,,,35229530873.39,,4914182968.96,,,,,
PBH,PUSULA PORTFÖY BİRİNCİ HİSSE SENEDİ SERBEST (TL) FON (HİSSE SENEDİ YOĞUN FON),Pusula,Serbest Şemsiye Fonu,2915014607.08,,100.0,,,,,,,,,,,,,,,,,,,,2915014607.08,,,,,,,,,,,,,,,,,,,
PCS,PUSULA PORTFÖY ÜÇÜNCÜ HİSSE SENEDİ SERBEST FON (HİSSE SENEDİ YOĞUN FON),Pusula,Serbest Şemsiye Fonu,0.0,,,,,,,,,,,,,,,,,,,,,,,,,,,,,,,,,,,,,,,,,
PDC,PUSULA PORTFÖY DÖRDÜNCÜ HİSSE SENEDİ SERBEST (TL) FON (HİSSE SENEDİ YOĞUN FON),Pusula,Serbest Şemsiye Fonu,233145617.26,,100.0,,,,,,,,,,,,,,,,,,,,233145617.26,,,,,,,,,,,,,,,,,,,
PDG,PUSULA PORTFÖY DOĞU HİSSE SENEDİ SERBEST (TL) FON (HİSSE SENEDİ YOĞUN FON),Pusula,Serbest Şemsiye Fonu,214861102.4,,100.0,,,,,,,,,,,,,,,,,,,,214861102.4,,,,,,,,,,,,,,,,,,,
PGH,PUSULA PORTFÖY GÜNEY HİSSE SENEDİ SERBEST (TL) FON (HİSSE SENEDİ YOĞUN FON),Pusula,Serbest Şemsiye Fonu,2613381839.41,,95.71,,,,,,,,,,,,,,,,4.29,,,,2501267758.5,,,,,,,,,,,,,,,,112114080.91,,,
PHB,PUSULA PORTFÖY BEŞİNCİ HİSSE SENEDİ SERBEST (TL) FON (HİSSE SENEDİ YOĞUN FON),Pusula,Serbest Şemsiye Fonu,4544972896.88,evet,109.74,,,,,,,,,-9.74,,,,,,,,,,,4987653257.04,,,,,,,,,-442680360.16,,,,,,,,,,
PHN,PUSULA PORTFÖY İKİNCİ HİSSE SENEDİ SERBEST FON (HİSSE SENEDİ YOĞUN FON),Pusula,Serbest Şemsiye Fonu,0.0,,,,,,,,,,,,,,,,,,,,,,,,,,,,,,,,,,,,,,,,,
PKD,PUSULA PORTFÖY İKİNCİ KATILIM HİSSE SENEDİ SERBEST FON (HİSSE SENEDİ YOĞUN FON),Pusula,Serbest Şemsiye Fonu,6073841.65,,100.0,,,,,,,,,,,,,,,,,,,,6073841.65,,,,,,,,,,,,,,,,,,,
PKM,PUSULA PORTFÖY PARA PİYASASI KATILIM (TL) FONU,Pusula,Katılım Şemsiye Fonu,350723015.76,,,,,,,,,41.66,,,,,,,44.04,,,,14.3,,,,,,,,,146111208.37,,,,,,,154458416.14,,,,50153391.25,
PKZ,PUSULA PORTFÖY KUZEY HİSSE SENEDİ SERBEST (TL) FON (HİSSE SENEDİ YOĞUN FON),Pusula,Serbest Şemsiye Fonu,27807603557.62,evet,127.34,,,,,,,,,-16.5,,,-13.05,,,,2.21,,,,35410202370.27,,,,,,,,,-4588254587.01,,,-3628892264.27,,,,614548038.62,,,
PNU,PUSULA PORTFÖY İKİNCİ PARA PİYASASI (TL) FONU,Pusula,Para Piyasası Şemsiye Fonu,6495458852.23,,,0.01,,8.28,0.03,1.67,,1.7,,,,,86.63,0.08,,,,,1.6,,,649545.89,,537823992.96,1948637.66,108474162.83,,110422800.49,,,,,5627016003.69,5196367.08,,,,,103927341.64,
PRY,PUSULA PORTFÖY PARA PİYASASI (TL) FONU,Pusula,Para Piyasası Şemsiye Fonu,18923300311.92,,,,,7.96,0.47,,,3.86,53.31,,,,22.86,11.06,,,,,0.48,,,,,1506294704.83,88939511.47,,,730439392.04,10088011396.28,,,,4325866451.3,2092917014.5,,,,,90831841.5,
AP4,ATLAS PORTFÖY DÖRDÜNCÜ HİSSE SENEDİ SERBEST FON (HİSSE SENEDİ YOĞUN FON),Atlas,Serbest Şemsiye Fonu,235555616.35,,100.0,,,,,,,,,,,,,,,,,,,,235555616.35,,,,,,,,,,,,,,,,,,,
AP5,ATLAS PORTFÖY BEŞİNCİ HİSSE SENEDİ SERBEST FON (HİSSE SENEDİ YOĞUN FON),Atlas,Serbest Şemsiye Fonu,841947.08,,94.4,,,,,,,,,,,,,,,,5.6,,,,794798.04,,,,,,,,,,,,,,,,47149.04,,,
BAC,ATLAS PORTFÖY BİRİNCİ HİSSE SENEDİ SERBEST FON (HİSSE SENEDİ YOĞUN FON),Atlas,Serbest Şemsiye Fonu,1000259640.07,,98.47,,,,,,,,,,,,,,,,1.53,,,,984955667.58,,,,,,,,,,,,,,,,15303972.49,,,
BSH,ATLAS PORTFÖY BANKACILIK SEKTÖRÜ HİSSE SENEDİ SERBEST FON (HİSSE SENEDİ YOĞUN FON),Atlas,Serbest Şemsiye Fonu,7217043.62,,91.36,,,,,,,,,,,,,,,,8.64,,,,6593491.05,,,,,,,,,,,,,,,,623552.57,,,
BTJ,ATLAS PORTFÖY İSTATİSTİKSEL ARBİTRAJ HİSSE SENEDİ SERBEST FON (HİSSE SENEDİ YOĞUN FON),Atlas,Serbest Şemsiye Fonu,12563921.0,,79.79,,,,,,,,,,,0.79,,,,,7.64,11.78,,,10024752.57,,,,,,,,,,,99254.98,,,,,959883.56,1480029.89,,
GCD,ATLAS PORTFÖY UFUK HİSSE SENEDİ SERBEST FON (HİSSE SENEDİ YOĞUN FON),Atlas,Serbest Şemsiye Fonu,833463264.8,,100.0,,,,,,,,,,,,,,,,,,,,833463264.8,,,,,,,,,,,,,,,,,,,
KHD,ATLAS PORTFÖY İKİNCİ KATILIM HİSSE SENEDİ SERBEST FON (HİSSE SENEDİ YOĞUN FON),Atlas,Serbest Şemsiye Fonu,737874351.34,,95.24,,,,,,,,,,4.29,,,,,,0.47,,,,702751532.22,,,,,,,,,,31654809.67,,,,,,3468009.45,,,
KLH,ATLAS PORTFÖY KATILIM HİSSE SENEDİ SERBEST FON (HİSSE SENEDİ YOĞUN FON),Atlas,Serbest Şemsiye Fonu,96737211.04,,92.75,,,,,,,,,,,,,,4.62,,2.63,,,,89723763.24,,,,,,,,,,,,,,4469259.15,,2544188.65,,,
LAI,ATLAS PORTFÖY İKİNCİ HİSSE SENEDİ SERBEST FON (HİSSE SENEDİ YOĞUN FON),Atlas,Serbest Şemsiye Fonu,173179364.65,,99.64,,,,,,,,,,,,,,,,0.36,,,,172555918.94,,,,,,,,,,,,,,,,623445.71,,,
LGO,ATLAS PORTFÖY ALGO TOROS HİSSE SENEDİ SERBEST (TL) FON (HİSSE SENEDİ YOĞUN FON),Atlas,Serbest Şemsiye Fonu,93873107.3,,94.13,,,,,,,,,,,,,,,,5.87,,,,88362755.9,,,,,,,,,,,,,,,,5510351.4,,,
ABG,ATLAS PORTFÖY DÖRDÜNCÜ SERBEST (TL) FON,Atlas,Serbest Şemsiye Fonu,17659972052.28,evet,111.4,,,,,,,,,-11.4,,,,,,,,,,,19673208866.24,,,,,,,,,-2013236813.96,,,,,,,,,,
DFI,ATLAS PORTFÖY SERBEST FON,Atlas,Serbest Şemsiye Fonu,31299597782.95,,62.8,,,0.26,,,,,,,,,,6.9,,,30.04,,,,19656147407.69,,,81378954.24,,,,,,,,,,2159672247.02,,,9402399174.0,,,
PPT,ATLAS PORTFÖY PARA PİYASASI (TL) FONU,Atlas,Para Piyasası Şemsiye Fonu,2166623302.22,,,12.98,,9.31,,0.09,,,24.22,,,,19.96,19.01,14.43,,,,,,,281227704.63,,201712629.44,,1949960.97,,,524756163.8,,,,432458011.12,411875089.75,312643742.51,,,,,
PSE,ATLAS PORTFÖY PARA PİYASASI SERBEST FON,Atlas,Serbest Şemsiye Fonu,22835199008.35,,,0.07,,7.63,,0.01,0.1,0.07,9.36,,,,64.04,12.34,6.38,,,,,,,15984639.31,,1742325684.34,,2283519.9,22835199.01,15984639.31,2137374627.18,,,,14623661444.95,2817863557.63,1456885696.73,,,,,
SNY,ATLAS PORTFÖY SANAYİ SEKTÖRÜ HİSSE SENEDİ SERBEST FON (HİSSE SENEDİ YOĞUN FON),Atlas,Serbest Şemsiye Fonu,365479640.14,,82.19,,,,,,,,,,,,,,,,17.32,0.49,,,300387716.23,,,,,,,,,,,,,,,,63301073.67,1790850.24,,
UHS,ATLAS PORTFÖY ÜÇÜNCÜ HİSSE SENEDİ SERBEST FON (HİSSE SENEDİ YOĞUN FON),Atlas,Serbest Şemsiye Fonu,460949431.06,,99.87,,,,,,,,,,,,,,,,0.13,,,,460350196.8,,,,,,,,,,,,,,,,599234.26,,,
DUH,HEDEF PORTFÖY UFUK HİSSE SENEDİ SERBEST FON (HİSSE SENEDİ YOĞUN FON),Hedef,Serbest Şemsiye Fonu,133830518.15,,90.51,,,,,,,,,,,,,,,,2.87,6.62,,,121130001.98,,,,,,,,,,,,,,,,3840935.87,8859580.3,,
FNT,HEDEF PORTFÖY MODEL HİSSE SENEDİ SERBEST (TL) FON (HİSSE SENEDİ YOĞUN FON),Hedef,Serbest Şemsiye Fonu,318870200.67,,81.54,,,,,,,,,,,,,,,,5.64,12.82,,,260006761.63,,,,,,,,,,,,,,,,17984279.32,40879159.73,,
HAT,HEDEF PORTFÖY ATLAS İSTATİSTİKSEL ARBİTRAJ HİSSE SENEDİ SERBEST FON (HİSSE SENEDİ YOĞUN FON),Hedef,Serbest Şemsiye Fonu,2810841.04,,83.89,,,,,,,,,,,,,,,,,16.11,,,2358014.55,,,,,,,,,,,,,,,,,452826.49,,
HBV,HEDEF PORTFÖY DORUK HİSSE SENEDİ SERBEST (TL) FON (HİSSE SENEDİ YOĞUN FON),Hedef,Serbest Şemsiye Fonu,1060741191.55,,99.99,,,,,,,,,,,,,,,,,0.01,,,1060635117.43,,,,,,,,,,,,,,,,,106074.12,,
HDA,HEDEF PORTFÖY DÖRDÜNCÜ İSTATİSTİKSEL ARBİTRAJ HİSSE SENEDİ SERBEST (TL) FON (HİSSE SENEDİ YOĞUN FON),Hedef,Serbest Şemsiye Fonu,79008127.96,,79.67,,,,,,,,,,,,,,,,16.57,3.76,,,62945775.55,,,,,,,,,,,,,,,,13091646.8,2970705.61,,
HDH,HEDEF PORTFÖY DOĞU HİSSE SENEDİ SERBEST (TL) FON (HİSSE SENEDİ YOĞUN FON),Hedef,Serbest Şemsiye Fonu,12268938657.68,,79.31,,,,,,,,,,,,,,,,19.6,0.17,,0.92,9730495249.41,,,,,,,,,,,,,,,,2404711976.91,20857195.72,,112874235.65
HDK,HEDEF PORTFÖY VEGA İSTATİSTİKSEL ARBİTRAJ HİSSE SENEDİ SERBEST FON (HİSSE SENEDİ YOĞUN FON),Hedef,Serbest Şemsiye Fonu,11977938.92,,79.92,,,,,,,,,,,,,,,,0.05,20.03,,,9572768.78,,,,,,,,,,,,,,,,5988.97,2399181.17,,
HEH,HEDEF PORTFÖY ALGO EVEREST İSTATİSTİKSEL ARBİTRAJ HİSSE SENEDİ SERBEST FON (HİSSE SENEDİ YOĞUN FON),Hedef,Serbest Şemsiye Fonu,376310764.28,,80.71,,,,,,,,,,,,,,,,0.11,19.18,,,303720417.85,,,,,,,,,,,,,,,,413941.84,72176404.59,,
HFI,HEDEF PORTFÖY İKİNCİ KATILIM HİSSE SENEDİ SERBEST FON (HİSSE SENEDİ YOĞUN FON),Hedef,Serbest Şemsiye Fonu,60016872.22,,88.67,,,,,,,,,,,,,,,9.21,2.12,,,,53216960.6,,,,,,,,,,,,,,,5527553.93,1272357.69,,,
HGH,HEDEF PORTFÖY GÜNEŞ HİSSE SENEDİ SERBEST (TL) FON (HİSSE SENEDİ YOĞUN FON),Hedef,Serbest Şemsiye Fonu,1011411.96,,82.18,,,,,,,,,,,,,,,,,17.82,,,831178.35,,,,,,,,,,,,,,,,,180233.61,,
HGJ,HEDEF PORTFÖY GÜNEY HİSSE SENEDİ SERBEST FON (HİSSE SENEDİ YOĞUN FON),Hedef,Serbest Şemsiye Fonu,989611351.18,evet,155.75,,,,,,,,,-45.49,,,-10.41,,,,,0.15,,,1541319679.46,,,,,,,,,-450174203.65,,,-103018541.66,,,,,1484417.03,,
HIM,HEDEF PORTFÖY BİRİNCİ İSTATİSTİKSEL ARBİTRAJ HİSSE SENEDİ SERBEST FON (HİSSE SENEDİ YOĞUN FON),Hedef,Serbest Şemsiye Fonu,283352434.92,evet,77.69,,,12.3,,,,3.8,,,,,-8.55,,,,8.73,6.03,,,220136506.69,,,34852349.5,,,,10767392.53,,,,,-24226633.19,,,,24736667.57,17086151.83,,
HIN,HEDEF PORTFÖY İNCİ HİSSE SENEDİ SERBEST ÖZEL FON (HİSSE SENEDİ YOĞUN FON),Hedef,Serbest Şemsiye Fonu,0.0,,,,,,,,,,,,,,,,,,,,,,,,,,,,,,,,,,,,,,,,,
HKJ,HEDEF PORTFÖY PARA PİYASASI SERBEST FON,Hedef,Serbest Şemsiye Fonu,11420806705.43,,,,,1.61,,,,,32.04,,,,29.12,28.13,9.09,,,,0.01,,,,,183874987.96,,,,,3659226468.42,,,,3325738912.62,3212672926.24,1038151329.52,,,,1142080.67,
HKM,HEDEF PORTFÖY BAŞAK HİSSE SENEDİ SERBEST (TL) FON (HİSSE SENEDİ YOĞUN FON),Hedef,Serbest Şemsiye Fonu,41865475.15,,84.76,,,,,,,,,,,,,,,,2.89,12.35,,,35485176.74,,,,,,,,,,,,,,,,1209912.23,5170386.18,,
HKP,HEDEF PORTFÖY KATILIM HİSSE SENEDİ SERBEST (TL) FON (HİSSE SENEDİ YOĞUN FON),Hedef,Serbest Şemsiye Fonu,142884579.97,,96.83,,,,,,,,,,,,,,,,3.17,,,,138355138.78,,,,,,,,,,,,,,,,4529441.19,,,
HLR,HEDEF PORTFÖY ADA HİSSE SENEDİ SERBEST (TL) FON (HİSSE SENEDİ YOĞUN FON),Hedef,Serbest Şemsiye Fonu,2764637842.66,,99.95,,,,,,,,,,,,,,,,0.05,,,,2763255523.74,,,,,,,,,,,,,,,,1382318.92,,,
HMK,HEDEF PORTFÖY EGE HİSSE SENEDİ SERBEST (TL) FON (HİSSE SENEDİ YOĞUN FON),Hedef,Serbest Şemsiye Fonu,68976172.35,,90.48,,,,,,,,,,,,,,,,0.15,9.37,,,62409640.74,,,,,,,,,,,,,,,,103464.26,6463067.35,,
HMV,HEDEF PORTFÖY MAVİ HİSSE SENEDİ SERBEST (TL) FON (HİSSE SENEDİ YOĞUN FON),Hedef,Serbest Şemsiye Fonu,15464729987.59,evet,107.45,,,0.12,,,,,,-7.57,,,,,,,,,,,16616852371.67,,,18557675.99,,,,,,-1170680060.06,,,,,,,,,,
HPF,HEDEF PORTFÖY KUZEY HİSSE SENEDİ SERBEST (TL) FON (HİSSE SENEDİ YOĞUN FON),Hedef,Serbest Şemsiye Fonu,813573542.64,evet,202.87,,,,,,,,,,,,-102.87,,,,,,,,1650496645.95,,,,,,,,,,,,-836923103.31,,,,,,,
HPI,HEDEF PORTFÖY İDEAL HİSSE SENEDİ SERBEST (TL) FON (HİSSE SENEDİ YOĞUN FON),Hedef,Serbest Şemsiye Fonu,137509778.18,evet,106.04,,,,,,,,,,,,-6.04,,,,,,,,145815368.78,,,,,,,,,,,,-8305590.6,,,,,,,
HPL,HEDEF PORTFÖY ÇINAR HİSSE SENEDİ SERBEST (TL) FON (HİSSE SENEDİ YOĞUN FON),Hedef,Serbest Şemsiye Fonu,129585988.06,evet,474.54,,,,,,,,,,,,-376.55,,,,2.01,,,,614937347.74,,,,,,,,,,,,-487956038.04,,,,2604678.36,,,
HPP,HEDEF PORTFÖY İKİNCİ PARA PİYASASI (TL) FON,Hedef,Para Piyasası Şemsiye Fonu,0.0,,,,,,,,,,,,,,,,,,,,,,,,,,,,,,,,,,,,,,,,,
HPZ,HEDEF PORTFÖY ZEN HİSSE SENEDİ SERBEST (TL) FON (HİSSE SENEDİ YOĞUN),Hedef,Serbest Şemsiye Fonu,5141529.29,,89.89,,,,,,,,,,,,,,,,5.89,4.22,,,4621720.68,,,,,,,,,,,,,,,,302836.08,216972.54,,
HVA,HEDEF PORTFÖY ECE HİSSE SENEDİ SERBEST (TL) FON (HİSSE SENEDİ YOĞUN FON),Hedef,Serbest Şemsiye Fonu,64524506.87,evet,169.41,,,,,,,,,,,,-83.43,,,,7.75,6.27,,,109310967.09,,,,,,,,,,,,-53832796.08,,,,5000649.28,4045686.58,,
HVB,HEDEF PORTFÖY PUSULA HİSSE SENEDİ SERBEST (TL) FON (HİSSE SENEDİ YOĞUN FON),Hedef,Serbest Şemsiye Fonu,1154831610.38,,92.83,,,,,,,,,,,,,,,,7.17,,,,1072030183.92,,,,,,,,,,,,,,,,82801426.46,,,
HVC,HEDEF PORTFÖY ROTA HİSSE SENEDİ SERBEST (TL) FON (HİSSE SENEDİ YOĞUN FON),Hedef,Serbest Şemsiye Fonu,70316264.17,,93.66,,,,,,,,,,,,,,,,6.34,,,,65858213.02,,,,,,,,,,,,,,,,4458051.15,,,
HYV,HEDEF PORTFÖY PARA PİYASASI (TL) FONU,Hedef,Para Piyasası Şemsiye Fonu,6191421886.29,,,12.99,,2.85,,,,,56.74,,,,,27.42,,,,,,,,804265703.03,,176455523.76,,,,,3513012778.28,,,,,1697687881.22,,,,,,
HPH,HEDEF PORTFÖY PARA PİYASASI KATILIM FONU,Hedef,Katılım Şemsiye Fonu,6021721509.95,,,,,,,,,8.45,,,49.27,,,,42.06,,,,0.22,,,,,,,,,508835467.59,,,2966902187.95,,,,2532736067.08,,,,13247787.32,
NFK,HEDEF PORTFÖY NEHİR HİSSE SENEDİ SERBEST (TL) FON (HİSSE SENEDİ YOĞUN FON),Hedef,Serbest Şemsiye Fonu,1192021564.08,,90.2,,,,,,,,,,,,,,,,5.89,3.91,,,1075203450.8,,,,,,,,,,,,,,,,70210070.12,46608043.16,,
KSA,HEDEF PORTFÖY KISA VADELİ SERBEST FON,Hedef,Serbest Şemsiye Fonu,16444799323.2,,,,,16.13,12.78,0.3,,0.36,15.65,,,0.34,18.48,26.99,8.94,,,,0.03,,,,,2652546130.83,2101645353.5,49334397.97,,59201277.56,2573611094.08,,,55912317.7,3038998914.93,4438451337.33,1470165059.49,,,,4933439.8,
AJ1,A1 CAPİTAL PORTFÖY İSTATİSTİKSEL ARBİTRAJ HİSSE SENEDİ SERBEST FON (HİSSE SENEDİ YOĞUN FON),A1 Capital + Pardus,Serbest Şemsiye Fonu,10267005.32,,77.06,,,,,,,,,,,1.95,,,,,,20.99,,,7911754.3,,,,,,,,,,,200206.6,,,,,,2155044.42,,
BHN,A1 CAPİTAL PORTFÖY BANKACILIK SEKTÖRÜ DIŞI ŞİRKETLER HİSSE SENEDİ SERBEST (TL) FON (HİSSE SENEDİ YOĞUN FON),A1 Capital + Pardus,Serbest Şemsiye Fonu,474095099.92,,99.82,,,,,,,,,,,0.18,,,,,,,,,473241728.74,,,,,,,,,,,853371.18,,,,,,,,
BYZ,A1 CAPİTAL PORTFÖY BIST 100 DIŞI ŞİRKETLER HİSSE SENEDİ SERBEST (TL) FON (HİSSE SENEDİ YOĞUN FON),A1 Capital + Pardus,Serbest Şemsiye Fonu,172077522.01,evet,115.25,,,,,,,,,,,,-15.25,,,,,,,,198319344.12,,,,,,,,,,,,-26241822.11,,,,,,,
CAH,A1 CAPİTAL PORTFÖY HİSSE SENEDİ SERBEST FON (HİSSE SENEDİ YOĞUN FON),A1 Capital + Pardus,Serbest Şemsiye Fonu,14411214.29,,89.67,,,,,,,,,,,7.26,,,,,,2.79,0.28,,12922535.85,,,,,,,,,,,1046254.16,,,,,,402072.88,40351.4,
CBD,A1 CAPİTAL PORTFÖY BIST 30 DIŞI ŞİRKETLER HİSSE SENEDİ SERBEST FON (HİSSE SENEDİ YOĞUN FON),A1 Capital + Pardus,Serbest Şemsiye Fonu,586027587.88,evet,132.17,,,,,,,,,,,,-32.17,,,,,,,,774552662.9,,,,,,,,,,,,-188525075.02,,,,,,,
CHY,A1 CAPİTAL PORTFÖY İKİNCİ HİSSE SENEDİ SERBEST (TL) FON (HİSSE SENEDİ YOĞUN FON),A1 Capital + Pardus,Serbest Şemsiye Fonu,142970532.01,,99.6,,,,,,,,,,,0.4,,,,,,,,,142398649.88,,,,,,,,,,,571882.13,,,,,,,,
SEH,A1 CAPİTAL PORTFÖY SANAYİ SEKTÖRÜ HİSSE SENEDİ SERBEST (TL) FON (HİSSE SENEDİ YOĞUN FON),A1 Capital + Pardus,Serbest Şemsiye Fonu,104951051.69,,99.93,,,,,,,,,,,0.07,,,,,,,,,104877585.95,,,,,,,,,,,73465.74,,,,,,,,
P1A,A1 CAPİTAL PORTFÖY PARA PİYASASI (TL) SERBEST FON,A1 Capital + Pardus,Serbest Şemsiye Fonu,716886233.27,,,,,0.43,,,,,,,,75.88,23.69,,,,,,,,,,,3082610.8,,,,,,,,543973273.81,169830348.66,,,,,,,
PAB,A1 CAPİTAL PORTFÖY PARA PİYASASI (TL) FONU,A1 Capital + Pardus,Para Piyasası Şemsiye Fonu,211205201.61,,,10.5,,0.49,,,,,69.17,,,0.02,19.82,,,,,,,,,22176546.17,,1034905.49,,,,,146090637.95,,,42241.04,41860870.96,,,,,,,
AC5,PARDUS PORTFÖY İSTATİSTİKSEL ARBİTRAJ HİSSE SENEDİ SERBEST (TL) FON (HİSSE SENEDİ YOĞUN FON),A1 Capital + Pardus,Serbest Şemsiye Fonu,23394673.37,,74.99,,,,,,,,,,,,,,,,,25.01,,,17543665.56,,,,,,,,,,,,,,,,,5851007.81,,
AC7,PARDUS PORTFÖY BİRİNCİ HİSSE SENEDİ SERBEST (TL) FON (HİSSE SENEDİ YOĞUN FON),A1 Capital + Pardus,Serbest Şemsiye Fonu,3033937250.7,evet,159.21,,,,,,,,,,,,-59.21,,,,,,,,4830331496.84,,,,,,,,,,,,-1796394246.14,,,,,,,
AC8,PARDUS PORTFÖY İKİNCİ HİSSE SENEDİ SERBEST (TL) FON (HİSSE SENEDİ YOĞUN FON),A1 Capital + Pardus,Serbest Şemsiye Fonu,2873820710.42,,81.02,,,,,,,,,,,,,,,,13.61,5.37,,,2328369539.58,,,,,,,,,,,,,,,,391126998.69,154324172.15,,
KHA,PARDUS PORTFÖY İKİNCİ HİSSE SENEDİ (TL) FONU (HİSSE SENEDİ YOĞUN FON),A1 Capital + Pardus,Hisse Senedi Şemsiye Fonu,4057697812.55,,84.93,,,,,,,,,,,3.98,,0.25,,,5.82,5.02,,,3446202752.2,,,,,,,,,,,161496372.94,,10144244.53,,,236158012.69,203696430.19,,
AP6,PARDUS PORTFÖY ALTINCI HİSSE SENEDİ SERBEST (TL) FON (HİSSE SENEDİ YOĞUN FON),A1 Capital + Pardus,Serbest Şemsiye Fonu,721349167.31,evet,101.68,,,,,,,,,,,,-1.68,,,,,,,,733467833.32,,,,,,,,,,,,-12118666.01,,,,,,,
BDI,PARDUS PORTFÖY BIST 50 DIŞI ŞİRKETLER HİSSE SENEDİ SERBEST (TL) FON (HİSSE SENEDİ YOĞUN FON),A1 Capital + Pardus,Serbest Şemsiye Fonu,271188587.4,evet,131.88,,,,,,,,,,,,-31.88,,,,,,,,357643509.06,,,,,,,,,,,,-86454921.66,,,,,,,
BHH,PARDUS PORTFÖY BEŞİNCİ HİSSE SENEDİ SERBEST (TL) FON (HİSSE SENEDİ YOĞUN FON),A1 Capital + Pardus,Serbest Şemsiye Fonu,367908368.14,evet,318.74,,,,,,,,,,,,-218.74,,,,,,,,1172671132.61,,,,,,,,,,,,-804762764.47,,,,,,,
BRT,PARDUS PORTFÖY BEREKET HİSSE SENEDİ SERBEST FON (HİSSE SENEDİ YOĞUN FON),A1 Capital + Pardus,Serbest Şemsiye Fonu,10073125.51,,97.36,,,,,,,,,,,,,,,,,2.64,,,9807195.0,,,,,,,,,,,,,,,,,265930.51,,
BSE,PARDUS PORTFÖY BIST 30 DIŞI ŞİRKETLER HİSSE SENEDİ SERBEST (TL) FON (HİSSE SENEDİ YOĞUN FON),A1 Capital + Pardus,Serbest Şemsiye Fonu,227317820.81,evet,219.82,,,,,,,,,,,,-119.82,,,,,,,,499690033.7,,,,,,,,,,,,-272372212.89,,,,,,,
BST,PARDUS PORTFÖY BANKACILIK SEKTÖRÜ DIŞI ŞİRKETLER HİSSE SENEDİ SERBEST (TL) FON (HİSSE SENEDİ YOĞUN FON),A1 Capital + Pardus,Serbest Şemsiye Fonu,36159899.09,,90.45,,,,,,,,,,,,,,,,,9.55,,,32706628.73,,,,,,,,,,,,,,,,,3453270.36,,
CSH,PARDUS PORTFÖY ÜÇÜNCÜ HİSSE SENEDİ SERBEST FON (HİSSE SENEDİ YOĞUN FON),A1 Capital + Pardus,Serbest Şemsiye Fonu,3644151981.5,,98.02,,,,,,,,,,,,,,,,0.66,1.32,,,3571997772.27,,,,,,,,,,,,,,,,24051403.08,48102806.16,,
DHI,PARDUS PORTFÖY DOKUZUNCU HİSSE SENEDİ SERBEST (TL) FON (HİSSE SENEDİ YOĞUN FON),A1 Capital + Pardus,Serbest Şemsiye Fonu,2107618683.55,evet,118.67,,,,,,,,,,,,-18.67,,,,,,,,2501111091.77,,,,,,,,,,,,-393492408.22,,,,,,,
DRH,PARDUS PORTFÖY DÖRDÜNCÜ HİSSE SENEDİ SERBEST (TL) FON (HİSSE SENEDİ YOĞUN FON),A1 Capital + Pardus,Serbest Şemsiye Fonu,381045370.11,,99.88,,,,,,,,,,,,,,,,,0.12,,,380588115.67,,,,,,,,,,,,,,,,,457254.44,,
IAU,PARDUS PORTFÖY İKİNCİ İSTATİSTİKSEL ARBİTRAJ HİSSE SENEDİ SERBEST (TL) FON (HİSSE SENEDİ YOĞUN FON),A1 Capital + Pardus,Serbest Şemsiye Fonu,16596778.5,,77.46,,,,,,,,,,,,,,,,,22.54,,,12855864.63,,,,,,,,,,,,,,,,,3740913.87,,
KRH,PARDUS PORTFÖY KARTAL HİSSE SENEDİ SERBEST FON (HİSSE SENEDİ YOĞUN FON),A1 Capital + Pardus,Serbest Şemsiye Fonu,2210676564.86,,88.27,,,,,,,,,,,,,,,,,11.73,,,1951364203.8,,,,,,,,,,,,,,,,,259312361.06,,
MGE,PARDUS PORTFÖY MUTLAK GETİRİ HEDEFLİ HİSSE SENEDİ SERBEST (TL) FON (HİSSE SENEDİ YOĞUN FON),A1 Capital + Pardus,Serbest Şemsiye Fonu,251500154.53,evet,424.96,,,,,,,,,,,,-324.96,,,,,,,,1068775056.69,,,,,,,,,,,,-817274902.16,,,,,,,
OHI,PARDUS PORTFÖY ONUNCU HİSSE SENEDİ SERBEST (TL) FON (HİSSE SENEDİ YOĞUN FON),A1 Capital + Pardus,Serbest Şemsiye Fonu,1196539830.45,,99.72,,,,,,,,,,,,,,,,,0.28,,,1193189518.92,,,,,,,,,,,,,,,,,3350311.53,,
PAO,PARDUS PORTFÖY ANADOLU HİSSE SENEDİ SERBEST FON (HİSSE SENEDİ YOĞUN FON),A1 Capital + Pardus,Serbest Şemsiye Fonu,4316852.72,evet,98.75,,,,,,,,,,,,-4.61,,,,,5.86,,,4262892.06,,,,,,,,,,,,-199006.91,,,,,252967.57,,
PBY,PARDUS PORTFÖY BIST 100 DIŞI ŞİRKETLER HİSSE SENEDİ SERBEST (TL) FON (HİSSE SENEDİ YOĞUN FON),A1 Capital + Pardus,Serbest Şemsiye Fonu,161013434.51,evet,141.93,,,,,,,,,,,,-41.93,,,,,,,,228526367.6,,,,,,,,,,,,-67512933.09,,,,,,,
PCH,PARDUS PORTFÖY CAPİTAL HİSSE SENEDİ SERBEST FON (HİSSE SENEDİ YOĞUN FON),A1 Capital + Pardus,Serbest Şemsiye Fonu,946947255.47,,98.63,,,,,,,,,,,,,,,,,1.37,,,933974078.07,,,,,,,,,,,,,,,,,12973177.4,,
PDH,PARDUS PORTFÖY DOĞU HİSSE SENEDİ SERBEST FON (HİSSE SENEDİ YOĞUN FON),A1 Capital + Pardus,Serbest Şemsiye Fonu,5679008506.28,,82.35,,,,,,,,,,,,,,,,9.42,8.23,,,4676663504.92,,,,,,,,,,,,,,,,534962601.29,467382400.07,,
PGE,PARDUS PORTFÖY GÜNEY HİSSE SENEDİ SERBEST FON (HİSSE SENEDİ YOĞUN FON),A1 Capital + Pardus,Serbest Şemsiye Fonu,10672690552.28,,77.53,,,,,,,,,,,,,,,,4.97,17.5,,,8274536985.18,,,,,,,,,,,,,,,,530432720.45,1867720846.65,,
PHY,PARDUS PORTFÖY BATI HİSSE SENEDİ SERBEST FON (HİSSE SENEDİ YOĞUN FON),A1 Capital + Pardus,Serbest Şemsiye Fonu,639570889.27,,94.82,,,,,,,,,,,,,,,,5.13,0.05,,,606441117.21,,,,,,,,,,,,,,,,32809986.62,319785.44,,
PKU,PARDUS PORTFÖY KUZEY HİSSE SENEDİ SERBEST FON (HİSSE SENEDİ YOĞUN FON),A1 Capital + Pardus,Serbest Şemsiye Fonu,7984898436.66,,89.95,,,,,,,,,,,,,,,,9.12,0.93,,,7182416143.78,,,,,,,,,,,,,,,,728222737.42,74259555.46,,
PMH,PARDUS PORTFÖY MARMARA HİSSE SENEDİ SERBEST FON (HİSSE SENEDİ YOĞUN FON),A1 Capital + Pardus,Serbest Şemsiye Fonu,39884.23,,100.0,,,,,,,,,,,,,,,,,,,,39884.23,,,,,,,,,,,,,,,,,,,
PMP,PARDUS PORTFÖY MODEL PORTFÖY HİSSE SENEDİ SERBEST FON (HİSSE SENEDİ YOĞUN FON),A1 Capital + Pardus,Serbest Şemsiye Fonu,11836367.75,evet,113.87,,,,,,,,,,,,-13.87,,,,,,,,13478071.96,,,,,,,,,,,,-1641704.21,,,,,,,
PO7,PARDUS PORTFÖY ONYEDİNCİ HİSSE SENEDİ SERBEST FON (HİSSE SENEDİ YOĞUN FON),A1 Capital + Pardus,Serbest Şemsiye Fonu,1556039441.61,,81.54,,,,,,,,,,,,,,,,,18.46,,,1268794560.69,,,,,,,,,,,,,,,,,287244880.92,,
PO8,PARDUS PORTFÖY ONSEKİZİNCİ HİSSE SENEDİ SERBEST FON (HİSSE SENEDİ YOĞUN FON),A1 Capital + Pardus,Serbest Şemsiye Fonu,2464209.69,,100.0,,,,,,,,,,,,,,,,,,,,2464209.69,,,,,,,,,,,,,,,,,,,
PO9,PARDUS PORTFÖY ONDOKUZUNCU HİSSE SENEDİ SERBEST FON (HİSSE SENEDİ YOĞUN FON),A1 Capital + Pardus,Serbest Şemsiye Fonu,189287896.13,,99.94,,,,,,,,,,,,,,,,,0.06,,,189174323.39,,,,,,,,,,,,,,,,,113572.74,,
POB,PARDUS PORTFÖY ONBİRİNCİ HİSSE SENEDİ SERBEST (TL) FON (HİSSE SENEDİ YOĞUN FON),A1 Capital + Pardus,Serbest Şemsiye Fonu,4420323890.67,,95.16,,,,,,,,,,,,,,,,,4.84,,,4206380214.36,,,,,,,,,,,,,,,,,213943676.31,,
POF,PARDUS PORTFÖY ONALTINCI HİSSE SENEDİ SERBEST (TL) FON (HİSSE SENEDİ YOĞUN FON),A1 Capital + Pardus,Serbest Şemsiye Fonu,2675995055.72,evet,161.65,,,,,,,,,,,,-61.65,,,,,,,,4325746007.57,,,,,,,,,,,,-1649750951.85,,,,,,,
POI,PARDUS PORTFÖY ONİKİNCİ HİSSE SENEDİ SERBEST (TL) FON (HİSSE SENEDİ YOĞUN FON),A1 Capital + Pardus,Serbest Şemsiye Fonu,252040973.95,,89.69,,,,,,,,,,2.38,,,,,,7.93,,,,226055549.54,,,,,,,,,,5998575.18,,,,,,19986849.23,,,
POS,PARDUS PORTFÖY ONBEŞİNCİ HİSSE SENEDİ SERBEST (TL) FON (HİSSE SENEDİ YOĞUN FON),A1 Capital + Pardus,Serbest Şemsiye Fonu,67202327.71,,78.0,,,,,,,,,,,,,,,,,22.0,,,52417815.61,,,,,,,,,,,,,,,,,14784512.1,,
POU,PARDUS PORTFÖY ONÜÇÜNCÜ HİSSE SENEDİ SERBEST (TL) FON (HİSSE SENEDİ YOĞUN FON),A1 Capital + Pardus,Serbest Şemsiye Fonu,9135412314.69,,90.65,,,,,,,,,,,,,,,,4.03,5.32,,,8281251263.27,,,,,,,,,,,,,,,,368157116.28,486003935.14,,
PPO,PARDUS PORTFÖY ONDÖRDÜNCÜ HİSSE SENEDİ SERBEST (TL) FON (HİSSE SENEDİ YOĞUN FON),A1 Capital + Pardus,Serbest Şemsiye Fonu,134292883.34,evet,179.02,,,,,,,,,,,,-79.02,,,,,,,,240411119.76,,,,,,,,,,,,-106118236.42,,,,,,,
PSR,PARDUS PORTFÖY SANAYİ ŞİRKETLERİ HİSSE SENEDİ SERBEST FON (HİSSE SENEDİ YOĞUN FON),A1 Capital + Pardus,Serbest Şemsiye Fonu,1134886063.17,,94.1,,,,,,,,,,,,,,,,5.65,0.25,,,1067927785.44,,,,,,,,,,,,,,,,64121062.57,2837215.16,,
PST,PARDUS PORTFÖY SANAYİ SEKTÖRÜ DIŞI ŞİRKETLER HİSSE SENEDİ SERBEST FON (HİSSE SENEDİ YOĞUN FON),A1 Capital + Pardus,Serbest Şemsiye Fonu,34550864.15,evet,205.11,,,,,,,,,,,,-105.11,,,,,,,,70867277.46,,,,,,,,,,,,-36316413.31,,,,,,,
PYD,PARDUS PORTFÖY YİRMİBİRİNCİ HİSSE SENEDİ SERBEST FON (HİSSE SENEDİ YOĞUN FON),A1 Capital + Pardus,Serbest Şemsiye Fonu,26424005.14,,,,,,,,,,,,,,100.0,,,,,,,,,,,,,,,,,,,,26424005.14,,,,,,,
PYI,PARDUS PORTFÖY YİRMİİKİNCİ HİSSE SENEDİ SERBEST FON (HİSSE SENEDİ YOĞUN FON),A1 Capital + Pardus,Serbest Şemsiye Fonu,795209815.28,evet,120.34,,,,,,,,,,,,-20.34,,,,,,,,956955491.71,,,,,,,,,,,,-161745676.43,,,,,,,
PYR,PARDUS PORTFÖY YİRMİNCİ HİSSE SENEDİ SERBEST FON (HİSSE SENEDİ YOĞUN FON),A1 Capital + Pardus,Serbest Şemsiye Fonu,50615350.92,evet,102.1,,,,,,,,,,,,-2.1,,,,,,,,51678273.29,,,,,,,,,,,,-1062922.37,,,,,,,
SHI,PARDUS PORTFÖY SEKİZİNCİ HİSSE SENEDİ SERBEST (TL) FON (HİSSE SENEDİ YOĞUN FON),A1 Capital + Pardus,Serbest Şemsiye Fonu,772929578.55,,82.79,,,,,,,,,,,,,,,,10.96,6.25,,,639908398.08,,,,,,,,,,,,,,,,84713081.81,48308098.66,,
AC4,PARDUS PORTFÖY PARA PİYASASI (TL) FON,A1 Capital + Pardus,Para Piyasası Şemsiye Fonu,2010540345.02,,,11.17,0.66,3.72,,,,,52.78,,,12.1,7.85,11.72,,,,,,,,224577356.54,13269566.28,74792100.83,,,,,1061163194.1,,,243275381.75,157827417.08,235635328.44,,,,,,
